[
	{
		"code": "81",
		"type": "provinsi",
		"name": "MALUKU"
	},
	{
		"code": "81.01",
		"type": "kabupaten",
		"name": "KAB. MALUKU TENGAH"
	},
	{
		"code": "81.01.01",
		"type": "kecamatan",
		"name": "AMAHAI"
	},
	{
		"code": "81.01.01.1009",
		"type": "kelurahan",
		"name": "HOLLO"
	},
	{
		"code": "81.01.01.2001",
		"type": "desa",
		"name": "TAMILOUW"
	},
	{
		"code": "81.01.01.2002",
		"type": "desa",
		"name": "SEPA"
	},
	{
		"code": "81.01.01.2003",
		"type": "desa",
		"name": "RUTAH"
	},
	{
		"code": "81.01.01.2004",
		"type": "desa",
		"name": "SOAHUKU"
	},
	{
		"code": "81.01.01.2005",
		"type": "desa",
		"name": "AMAHAI"
	},
	{
		"code": "81.01.01.2006",
		"type": "desa",
		"name": "HARURU"
	},
	{
		"code": "81.01.01.2007",
		"type": "desa",
		"name": "SEHATI"
	},
	{
		"code": "81.01.01.2008",
		"type": "desa",
		"name": "MAKARIKI"
	},
	{
		"code": "81.01.01.2010",
		"type": "desa",
		"name": "YAFILA"
	},
	{
		"code": "81.01.01.2011",
		"type": "desa",
		"name": "BANDA BARU"
	},
	{
		"code": "81.01.01.2020",
		"type": "desa",
		"name": "YAINUELO"
	},
	{
		"code": "81.01.01.2021",
		"type": "desa",
		"name": "NUA NEA"
	},
	{
		"code": "81.01.01.2022",
		"type": "desa",
		"name": "HATUHENU"
	},
	{
		"code": "81.01.01.2023",
		"type": "desa",
		"name": "NUWELETETU"
	},
	{
		"code": "81.01.02",
		"type": "kecamatan",
		"name": "TEON NILA SERUA"
	},
	{
		"code": "81.01.02.2001",
		"type": "desa",
		"name": "USLIAPAN"
	},
	{
		"code": "81.01.02.2002",
		"type": "desa",
		"name": "KURALELE"
	},
	{
		"code": "81.01.02.2003",
		"type": "desa",
		"name": "KOKROMAN"
	},
	{
		"code": "81.01.02.2004",
		"type": "desa",
		"name": "MESSA"
	},
	{
		"code": "81.01.02.2005",
		"type": "desa",
		"name": "AMETH"
	},
	{
		"code": "81.01.02.2006",
		"type": "desa",
		"name": "WARU"
	},
	{
		"code": "81.01.02.2007",
		"type": "desa",
		"name": "BUMEY"
	},
	{
		"code": "81.01.02.2008",
		"type": "desa",
		"name": "SIFLURU"
	},
	{
		"code": "81.01.02.2009",
		"type": "desa",
		"name": "LAYENI"
	},
	{
		"code": "81.01.02.2010",
		"type": "desa",
		"name": "WOTAY"
	},
	{
		"code": "81.01.02.2011",
		"type": "desa",
		"name": "ISSU"
	},
	{
		"code": "81.01.02.2012",
		"type": "desa",
		"name": "LESLURU"
	},
	{
		"code": "81.01.02.2013",
		"type": "desa",
		"name": "WATLUDAN"
	},
	{
		"code": "81.01.02.2014",
		"type": "desa",
		"name": "TRANA"
	},
	{
		"code": "81.01.02.2015",
		"type": "desa",
		"name": "JERILI"
	},
	{
		"code": "81.01.02.2016",
		"type": "desa",
		"name": "NAKUPIA"
	},
	{
		"code": "81.01.06",
		"type": "kecamatan",
		"name": "SERAM UTARA"
	},
	{
		"code": "81.01.06.2001",
		"type": "desa",
		"name": "WAHAI"
	},
	{
		"code": "81.01.06.2002",
		"type": "desa",
		"name": "AIR BESAR"
	},
	{
		"code": "81.01.06.2003",
		"type": "desa",
		"name": "PASAHARI"
	},
	{
		"code": "81.01.06.2007",
		"type": "desa",
		"name": "MANUSELA"
	},
	{
		"code": "81.01.06.2009",
		"type": "desa",
		"name": "KALOA"
	},
	{
		"code": "81.01.06.2010",
		"type": "desa",
		"name": "KANIKEH"
	},
	{
		"code": "81.01.06.2011",
		"type": "desa",
		"name": "ROHO"
	},
	{
		"code": "81.01.06.2012",
		"type": "desa",
		"name": "HUAULU"
	},
	{
		"code": "81.01.06.2021",
		"type": "desa",
		"name": "RUMAHSOKAT"
	},
	{
		"code": "81.01.06.2022",
		"type": "desa",
		"name": "SAWAI"
	},
	{
		"code": "81.01.06.2044",
		"type": "desa",
		"name": "BESI"
	},
	{
		"code": "81.01.06.2045",
		"type": "desa",
		"name": "MALAKU"
	},
	{
		"code": "81.01.06.2046",
		"type": "desa",
		"name": "MARAINA"
	},
	{
		"code": "81.01.06.2047",
		"type": "desa",
		"name": "SOLEA"
	},
	{
		"code": "81.01.06.2048",
		"type": "desa",
		"name": "ELEMATA"
	},
	{
		"code": "81.01.06.2049",
		"type": "desa",
		"name": "HATUOLO"
	},
	{
		"code": "81.01.06.2050",
		"type": "desa",
		"name": "SIATELE"
	},
	{
		"code": "81.01.06.2051",
		"type": "desa",
		"name": "MASIHULAN"
	},
	{
		"code": "81.01.06.2052",
		"type": "desa",
		"name": "OPING"
	},
	{
		"code": "81.01.06.2053",
		"type": "desa",
		"name": "OLONG"
	},
	{
		"code": "81.01.09",
		"type": "kecamatan",
		"name": "BANDA"
	},
	{
		"code": "81.01.09.2001",
		"type": "desa",
		"name": "NUSANTARA"
	},
	{
		"code": "81.01.09.2002",
		"type": "desa",
		"name": "DWIWARNA"
	},
	{
		"code": "81.01.09.2003",
		"type": "desa",
		"name": "MERDEKA"
	},
	{
		"code": "81.01.09.2004",
		"type": "desa",
		"name": "RAJAWALI"
	},
	{
		"code": "81.01.09.2005",
		"type": "desa",
		"name": "KAMPUNG BARU"
	},
	{
		"code": "81.01.09.2006",
		"type": "desa",
		"name": "PULAU HATTA"
	},
	{
		"code": "81.01.09.2007",
		"type": "desa",
		"name": "SELAMON"
	},
	{
		"code": "81.01.09.2008",
		"type": "desa",
		"name": "LONTHOIR"
	},
	{
		"code": "81.01.09.2009",
		"type": "desa",
		"name": "PULAU AY"
	},
	{
		"code": "81.01.09.2010",
		"type": "desa",
		"name": "PULAU RHUN"
	},
	{
		"code": "81.01.09.2011",
		"type": "desa",
		"name": "TANAH RATA"
	},
	{
		"code": "81.01.09.2012",
		"type": "desa",
		"name": "WAER"
	},
	{
		"code": "81.01.09.2013",
		"type": "desa",
		"name": "BOIYAUW"
	},
	{
		"code": "81.01.09.2014",
		"type": "desa",
		"name": "DENDER"
	},
	{
		"code": "81.01.09.2015",
		"type": "desa",
		"name": "LAUTANG"
	},
	{
		"code": "81.01.09.2016",
		"type": "desa",
		"name": "URING TUTRA"
	},
	{
		"code": "81.01.09.2017",
		"type": "desa",
		"name": "WALLING SPANCIBY"
	},
	{
		"code": "81.01.09.2018",
		"type": "desa",
		"name": "COMBIR KASESTOREN"
	},
	{
		"code": "81.01.11",
		"type": "kecamatan",
		"name": "TEHORU"
	},
	{
		"code": "81.01.11.2011",
		"type": "desa",
		"name": "TELUTIH BARU"
	},
	{
		"code": "81.01.11.2012",
		"type": "desa",
		"name": "MOSSO"
	},
	{
		"code": "81.01.11.2013",
		"type": "desa",
		"name": "HATUMETE"
	},
	{
		"code": "81.01.11.2014",
		"type": "desa",
		"name": "HATU"
	},
	{
		"code": "81.01.11.2015",
		"type": "desa",
		"name": "PILIANA"
	},
	{
		"code": "81.01.11.2016",
		"type": "desa",
		"name": "YAPUTIH"
	},
	{
		"code": "81.01.11.2017",
		"type": "desa",
		"name": "SAUNULU"
	},
	{
		"code": "81.01.11.2018",
		"type": "desa",
		"name": "TEHORU"
	},
	{
		"code": "81.01.11.2019",
		"type": "desa",
		"name": "HAYA"
	},
	{
		"code": "81.01.11.2020",
		"type": "desa",
		"name": "SALAMAHU"
	},
	{
		"code": "81.01.12",
		"type": "kecamatan",
		"name": "SAPARUA"
	},
	{
		"code": "81.01.12.2001",
		"type": "desa",
		"name": "BOOI"
	},
	{
		"code": "81.01.12.2002",
		"type": "desa",
		"name": "PAPERU"
	},
	{
		"code": "81.01.12.2003",
		"type": "desa",
		"name": "TIOUW"
	},
	{
		"code": "81.01.12.2004",
		"type": "desa",
		"name": "HARIA"
	},
	{
		"code": "81.01.12.2005",
		"type": "desa",
		"name": "PORTO"
	},
	{
		"code": "81.01.12.2006",
		"type": "desa",
		"name": "KULUR"
	},
	{
		"code": "81.01.12.2012",
		"type": "desa",
		"name": "SAPARUA"
	},
	{
		"code": "81.01.13",
		"type": "kecamatan",
		"name": "PULAU HARUKU"
	},
	{
		"code": "81.01.13.2001",
		"type": "desa",
		"name": "ABORU"
	},
	{
		"code": "81.01.13.2002",
		"type": "desa",
		"name": "WASSU"
	},
	{
		"code": "81.01.13.2003",
		"type": "desa",
		"name": "OMA"
	},
	{
		"code": "81.01.13.2004",
		"type": "desa",
		"name": "HARUKU"
	},
	{
		"code": "81.01.13.2005",
		"type": "desa",
		"name": "SAMETH"
	},
	{
		"code": "81.01.13.2006",
		"type": "desa",
		"name": "ROHOMONI"
	},
	{
		"code": "81.01.13.2007",
		"type": "desa",
		"name": "KABAUW"
	},
	{
		"code": "81.01.13.2008",
		"type": "desa",
		"name": "KAILOLO"
	},
	{
		"code": "81.01.13.2009",
		"type": "desa",
		"name": "PELAUW"
	},
	{
		"code": "81.01.13.2010",
		"type": "desa",
		"name": "KARIU"
	},
	{
		"code": "81.01.13.2011",
		"type": "desa",
		"name": "HULALIU"
	},
	{
		"code": "81.01.14",
		"type": "kecamatan",
		"name": "SALAHUTU"
	},
	{
		"code": "81.01.14.2001",
		"type": "desa",
		"name": "LIANG"
	},
	{
		"code": "81.01.14.2002",
		"type": "desa",
		"name": "WAAI"
	},
	{
		"code": "81.01.14.2003",
		"type": "desa",
		"name": "TULEHU"
	},
	{
		"code": "81.01.14.2004",
		"type": "desa",
		"name": "TIAL"
	},
	{
		"code": "81.01.14.2005",
		"type": "desa",
		"name": "TENGAH TENGAH"
	},
	{
		"code": "81.01.14.2006",
		"type": "desa",
		"name": "SULI"
	},
	{
		"code": "81.01.15",
		"type": "kecamatan",
		"name": "LEIHITU"
	},
	{
		"code": "81.01.15.2006",
		"type": "desa",
		"name": "ASILULU"
	},
	{
		"code": "81.01.15.2007",
		"type": "desa",
		"name": "URENG"
	},
	{
		"code": "81.01.15.2008",
		"type": "desa",
		"name": "NEGERI LIMA"
	},
	{
		"code": "81.01.15.2009",
		"type": "desa",
		"name": "SEITH"
	},
	{
		"code": "81.01.15.2010",
		"type": "desa",
		"name": "KAITETU"
	},
	{
		"code": "81.01.15.2011",
		"type": "desa",
		"name": "HILA"
	},
	{
		"code": "81.01.15.2012",
		"type": "desa",
		"name": "WAKAL"
	},
	{
		"code": "81.01.15.2013",
		"type": "desa",
		"name": "HITULAMA"
	},
	{
		"code": "81.01.15.2014",
		"type": "desa",
		"name": "HITUMESSING"
	},
	{
		"code": "81.01.15.2015",
		"type": "desa",
		"name": "MAMALA"
	},
	{
		"code": "81.01.15.2016",
		"type": "desa",
		"name": "MORELLA"
	},
	{
		"code": "81.01.16",
		"type": "kecamatan",
		"name": "NUSA LAUT"
	},
	{
		"code": "81.01.16.2001",
		"type": "desa",
		"name": "AMETH"
	},
	{
		"code": "81.01.16.2002",
		"type": "desa",
		"name": "TITAWAAI"
	},
	{
		"code": "81.01.16.2003",
		"type": "desa",
		"name": "ABUBU"
	},
	{
		"code": "81.01.16.2004",
		"type": "desa",
		"name": "AKOON"
	},
	{
		"code": "81.01.16.2005",
		"type": "desa",
		"name": "NALAHIA"
	},
	{
		"code": "81.01.16.2006",
		"type": "desa",
		"name": "SILA"
	},
	{
		"code": "81.01.16.2007",
		"type": "desa",
		"name": "LEINITU"
	},
	{
		"code": "81.01.17",
		"type": "kecamatan",
		"name": "KOTA MASOHI"
	},
	{
		"code": "81.01.17.1001",
		"type": "kelurahan",
		"name": "NAMAELO"
	},
	{
		"code": "81.01.17.1002",
		"type": "kelurahan",
		"name": "NAMASINA"
	},
	{
		"code": "81.01.17.1003",
		"type": "kelurahan",
		"name": "AMPERA"
	},
	{
		"code": "81.01.17.1004",
		"type": "kelurahan",
		"name": "LESANE"
	},
	{
		"code": "81.01.17.1005",
		"type": "kelurahan",
		"name": "LETWARU"
	},
	{
		"code": "81.01.20",
		"type": "kecamatan",
		"name": "SERAM UTARA BARAT"
	},
	{
		"code": "81.01.20.2001",
		"type": "desa",
		"name": "SALEMAN"
	},
	{
		"code": "81.01.20.2002",
		"type": "desa",
		"name": "HORALE"
	},
	{
		"code": "81.01.20.2003",
		"type": "desa",
		"name": "WAILULU"
	},
	{
		"code": "81.01.20.2004",
		"type": "desa",
		"name": "PAA"
	},
	{
		"code": "81.01.20.2005",
		"type": "desa",
		"name": "KARLUTU KARA"
	},
	{
		"code": "81.01.20.2006",
		"type": "desa",
		"name": "PASANEA"
	},
	{
		"code": "81.01.20.2007",
		"type": "desa",
		"name": "LABUAN"
	},
	{
		"code": "81.01.20.2008",
		"type": "desa",
		"name": "GALE-GALE"
	},
	{
		"code": "81.01.20.2009",
		"type": "desa",
		"name": "LATEA"
	},
	{
		"code": "81.01.20.2010",
		"type": "desa",
		"name": "LISABATA TIMUR"
	},
	{
		"code": "81.01.20.2011",
		"type": "desa",
		"name": "RUMAHWEY"
	},
	{
		"code": "81.01.20.2012",
		"type": "desa",
		"name": "WARASIWA"
	},
	{
		"code": "81.01.20.2013",
		"type": "desa",
		"name": "HERLAU PAUNI"
	},
	{
		"code": "81.01.21",
		"type": "kecamatan",
		"name": "TELUK ELPAPUTIH"
	},
	{
		"code": "81.01.21.2001",
		"type": "desa",
		"name": "WARAKA"
	},
	{
		"code": "81.01.21.2002",
		"type": "desa",
		"name": "TANANAHU"
	},
	{
		"code": "81.01.21.2003",
		"type": "desa",
		"name": "LIANG"
	},
	{
		"code": "81.01.21.2004",
		"type": "desa",
		"name": "SAHULAUW"
	},
	{
		"code": "81.01.22",
		"type": "kecamatan",
		"name": "LEIHITU BARAT"
	},
	{
		"code": "81.01.22.2001",
		"type": "desa",
		"name": "LARIKE"
	},
	{
		"code": "81.01.22.2002",
		"type": "desa",
		"name": "WAKASIHU"
	},
	{
		"code": "81.01.22.2003",
		"type": "desa",
		"name": "ALLANG"
	},
	{
		"code": "81.01.22.2004",
		"type": "desa",
		"name": "LILIBOY"
	},
	{
		"code": "81.01.22.2005",
		"type": "desa",
		"name": "HATU"
	},
	{
		"code": "81.01.23",
		"type": "kecamatan",
		"name": "TELUTIH"
	},
	{
		"code": "81.01.23.2001",
		"type": "desa",
		"name": "ULAHAHAN"
	},
	{
		"code": "81.01.23.2002",
		"type": "desa",
		"name": "LAHA KABA"
	},
	{
		"code": "81.01.23.2003",
		"type": "desa",
		"name": "LAFA"
	},
	{
		"code": "81.01.23.2004",
		"type": "desa",
		"name": "YAMALATU"
	},
	{
		"code": "81.01.23.2005",
		"type": "desa",
		"name": "HUNISI"
	},
	{
		"code": "81.01.23.2006",
		"type": "desa",
		"name": "LAIMU"
	},
	{
		"code": "81.01.23.2007",
		"type": "desa",
		"name": "MANEORATU"
	},
	{
		"code": "81.01.23.2008",
		"type": "desa",
		"name": "TEHUA"
	},
	{
		"code": "81.01.23.2009",
		"type": "desa",
		"name": "LAHA"
	},
	{
		"code": "81.01.23.2010",
		"type": "desa",
		"name": "WOLU"
	},
	{
		"code": "81.01.24",
		"type": "kecamatan",
		"name": "SERAM UTARA TIMUR SETI"
	},
	{
		"code": "81.01.24.2001",
		"type": "desa",
		"name": "SETI"
	},
	{
		"code": "81.01.24.2002",
		"type": "desa",
		"name": "KOBISONTA"
	},
	{
		"code": "81.01.24.2003",
		"type": "desa",
		"name": "WAILOPING"
	},
	{
		"code": "81.01.24.2004",
		"type": "desa",
		"name": "TIHUANA"
	},
	{
		"code": "81.01.24.2005",
		"type": "desa",
		"name": "WAITILA"
	},
	{
		"code": "81.01.24.2006",
		"type": "desa",
		"name": "WAIPUTIH"
	},
	{
		"code": "81.01.24.2007",
		"type": "desa",
		"name": "WAIMUSAL"
	},
	{
		"code": "81.01.24.2008",
		"type": "desa",
		"name": "TANAH MERAH"
	},
	{
		"code": "81.01.24.2009",
		"type": "desa",
		"name": "AKETERNATE"
	},
	{
		"code": "81.01.24.2010",
		"type": "desa",
		"name": "NAMTO"
	},
	{
		"code": "81.01.24.2011",
		"type": "desa",
		"name": "LOPING MULYO"
	},
	{
		"code": "81.01.24.2012",
		"type": "desa",
		"name": "WONOSARI"
	},
	{
		"code": "81.01.25",
		"type": "kecamatan",
		"name": "SERAM UTARA TIMUR KOBI"
	},
	{
		"code": "81.01.25.2001",
		"type": "desa",
		"name": "KOBI"
	},
	{
		"code": "81.01.25.2002",
		"type": "desa",
		"name": "SARIPUTIH"
	},
	{
		"code": "81.01.25.2003",
		"type": "desa",
		"name": "MANEO RENDAH"
	},
	{
		"code": "81.01.25.2004",
		"type": "desa",
		"name": "KOBIMUKTI"
	},
	{
		"code": "81.01.25.2005",
		"type": "desa",
		"name": "LEAWAY"
	},
	{
		"code": "81.01.25.2006",
		"type": "desa",
		"name": "SAMAL"
	},
	{
		"code": "81.01.25.2007",
		"type": "desa",
		"name": "MOROKAI"
	},
	{
		"code": "81.01.25.2008",
		"type": "desa",
		"name": "WAIMUSI"
	},
	{
		"code": "81.01.25.2009",
		"type": "desa",
		"name": "WAY ASIH"
	},
	{
		"code": "81.01.25.2010",
		"type": "desa",
		"name": "WAITONIPA"
	},
	{
		"code": "81.01.25.2011",
		"type": "desa",
		"name": "MARASAHUA"
	},
	{
		"code": "81.01.25.2012",
		"type": "desa",
		"name": "KABAUHARI"
	},
	{
		"code": "81.01.26",
		"type": "kecamatan",
		"name": "SAPARUA TIMUR"
	},
	{
		"code": "81.01.26.2001",
		"type": "desa",
		"name": "OUW"
	},
	{
		"code": "81.01.26.2002",
		"type": "desa",
		"name": "ULLATH"
	},
	{
		"code": "81.01.26.2003",
		"type": "desa",
		"name": "SIRI SORI ISLAM"
	},
	{
		"code": "81.01.26.2004",
		"type": "desa",
		"name": "SIRI SORI AMALATU"
	},
	{
		"code": "81.01.26.2005",
		"type": "desa",
		"name": "MAHU"
	},
	{
		"code": "81.01.26.2006",
		"type": "desa",
		"name": "TUHAHA"
	},
	{
		"code": "81.01.26.2007",
		"type": "desa",
		"name": "IHAMAHU"
	},
	{
		"code": "81.01.26.2008",
		"type": "desa",
		"name": "IHA"
	},
	{
		"code": "81.01.26.2009",
		"type": "desa",
		"name": "NOLLOTH"
	},
	{
		"code": "81.01.26.2010",
		"type": "desa",
		"name": "ITAWAKA"
	},
	{
		"code": "81.02",
		"type": "kabupaten",
		"name": "KAB. MALUKU TENGGARA"
	},
	{
		"code": "81.02.01",
		"type": "kecamatan",
		"name": "KEI KECIL"
	},
	{
		"code": "81.02.01.1013",
		"type": "kelurahan",
		"name": "OHOIJANG WATDEK"
	},
	{
		"code": "81.02.01.2014",
		"type": "desa",
		"name": "LANGGUR"
	},
	{
		"code": "81.02.01.2015",
		"type": "desa",
		"name": "FAAN"
	},
	{
		"code": "81.02.01.2016",
		"type": "desa",
		"name": "SATHEAN"
	},
	{
		"code": "81.02.01.2017",
		"type": "desa",
		"name": "IBRA"
	},
	{
		"code": "81.02.01.2018",
		"type": "desa",
		"name": "NGABUB"
	},
	{
		"code": "81.02.01.2048",
		"type": "desa",
		"name": "OHOIDERTAWUN"
	},
	{
		"code": "81.02.01.2049",
		"type": "desa",
		"name": "KELANIT"
	},
	{
		"code": "81.02.01.2051",
		"type": "desa",
		"name": "KOLSER"
	},
	{
		"code": "81.02.01.2052",
		"type": "desa",
		"name": "LETMAN"
	},
	{
		"code": "81.02.01.2057",
		"type": "desa",
		"name": "WEARLILIR"
	},
	{
		"code": "81.02.01.2067",
		"type": "desa",
		"name": "OHOIDER ATAS"
	},
	{
		"code": "81.02.01.2068",
		"type": "desa",
		"name": "DUDUNWAHAN"
	},
	{
		"code": "81.02.01.2069",
		"type": "desa",
		"name": "LOON"
	},
	{
		"code": "81.02.01.2071",
		"type": "desa",
		"name": "SITNIOHOI"
	},
	{
		"code": "81.02.03",
		"type": "kecamatan",
		"name": "KEI BESAR"
	},
	{
		"code": "81.02.03.2001",
		"type": "desa",
		"name": "WERKA"
	},
	{
		"code": "81.02.03.2002",
		"type": "desa",
		"name": "WAUR"
	},
	{
		"code": "81.02.03.2003",
		"type": "desa",
		"name": "OHOINANGAN"
	},
	{
		"code": "81.02.03.2004",
		"type": "desa",
		"name": "LER OHOILIM"
	},
	{
		"code": "81.02.03.2005",
		"type": "desa",
		"name": "RAHARENG"
	},
	{
		"code": "81.02.03.2006",
		"type": "desa",
		"name": "ELAT"
	},
	{
		"code": "81.02.03.2007",
		"type": "desa",
		"name": "DEPUR"
	},
	{
		"code": "81.02.03.2008",
		"type": "desa",
		"name": "OHOILIM"
	},
	{
		"code": "81.02.03.2009",
		"type": "desa",
		"name": "EL RALANG"
	},
	{
		"code": "81.02.03.2015",
		"type": "desa",
		"name": "REYAMRU"
	},
	{
		"code": "81.02.03.2016",
		"type": "desa",
		"name": "FAKO"
	},
	{
		"code": "81.02.03.2017",
		"type": "desa",
		"name": "YAMTEL"
	},
	{
		"code": "81.02.03.2018",
		"type": "desa",
		"name": "WAUR TAHIT"
	},
	{
		"code": "81.02.03.2019",
		"type": "desa",
		"name": "NGEFUIT"
	},
	{
		"code": "81.02.03.2020",
		"type": "desa",
		"name": "OHOIEL"
	},
	{
		"code": "81.02.03.2021",
		"type": "desa",
		"name": "OHOIWAIT"
	},
	{
		"code": "81.02.03.2022",
		"type": "desa",
		"name": "OHOIWANG"
	},
	{
		"code": "81.02.03.2023",
		"type": "desa",
		"name": "FANGAMAS"
	},
	{
		"code": "81.02.03.2024",
		"type": "desa",
		"name": "OHOINANGAN ATAS"
	},
	{
		"code": "81.02.03.2025",
		"type": "desa",
		"name": "HARANGUR"
	},
	{
		"code": "81.02.03.2026",
		"type": "desa",
		"name": "UDAR"
	},
	{
		"code": "81.02.03.2027",
		"type": "desa",
		"name": "DAFTEL"
	},
	{
		"code": "81.02.03.2028",
		"type": "desa",
		"name": "KARKARIT"
	},
	{
		"code": "81.02.03.2029",
		"type": "desa",
		"name": "RAHARENG ATAS"
	},
	{
		"code": "81.02.03.2030",
		"type": "desa",
		"name": "WULURAT"
	},
	{
		"code": "81.02.03.2031",
		"type": "desa",
		"name": "WAKOL"
	},
	{
		"code": "81.02.03.2032",
		"type": "desa",
		"name": "NGURDU"
	},
	{
		"code": "81.02.03.2033",
		"type": "desa",
		"name": "SOINRAT"
	},
	{
		"code": "81.02.03.2034",
		"type": "desa",
		"name": "WERMAF"
	},
	{
		"code": "81.02.03.2035",
		"type": "desa",
		"name": "BOMBAY"
	},
	{
		"code": "81.02.03.2036",
		"type": "desa",
		"name": "WATSIN"
	},
	{
		"code": "81.02.03.2037",
		"type": "desa",
		"name": "SIRBANTE"
	},
	{
		"code": "81.02.03.2038",
		"type": "desa",
		"name": "NGAT"
	},
	{
		"code": "81.02.03.2039",
		"type": "desa",
		"name": "NABAHENG"
	},
	{
		"code": "81.02.03.2040",
		"type": "desa",
		"name": "NGEFUIT ATAS"
	},
	{
		"code": "81.02.03.2041",
		"type": "desa",
		"name": "WATUAR"
	},
	{
		"code": "81.02.03.2042",
		"type": "desa",
		"name": "MATAHOLAT"
	},
	{
		"code": "81.02.04",
		"type": "kecamatan",
		"name": "KEI BESAR SELATAN"
	},
	{
		"code": "81.02.04.2001",
		"type": "desa",
		"name": "WEDUAR"
	},
	{
		"code": "81.02.04.2003",
		"type": "desa",
		"name": "NERONG"
	},
	{
		"code": "81.02.04.2004",
		"type": "desa",
		"name": "LARAT"
	},
	{
		"code": "81.02.04.2005",
		"type": "desa",
		"name": "TAMANGIL NUHUTEN"
	},
	{
		"code": "81.02.04.2006",
		"type": "desa",
		"name": "TAMANGIL NUHUYANAT"
	},
	{
		"code": "81.02.04.2012",
		"type": "desa",
		"name": "KILWAT"
	},
	{
		"code": "81.02.04.2013",
		"type": "desa",
		"name": "SATHER"
	},
	{
		"code": "81.02.04.2014",
		"type": "desa",
		"name": "TUTREAN"
	},
	{
		"code": "81.02.04.2015",
		"type": "desa",
		"name": "OHOIRENAN"
	},
	{
		"code": "81.02.04.2016",
		"type": "desa",
		"name": "SOINDAT"
	},
	{
		"code": "81.02.05",
		"type": "kecamatan",
		"name": "KEI BESAR UTARA TIMUR"
	},
	{
		"code": "81.02.05.2001",
		"type": "desa",
		"name": "HOLLAT"
	},
	{
		"code": "81.02.05.2002",
		"type": "desa",
		"name": "OHOIRAUT"
	},
	{
		"code": "81.02.05.2003",
		"type": "desa",
		"name": "HAAR OHOIMEL"
	},
	{
		"code": "81.02.05.2004",
		"type": "desa",
		"name": "LANGGIAR HAAR"
	},
	{
		"code": "81.02.05.2005",
		"type": "desa",
		"name": "BANDA ELI"
	},
	{
		"code": "81.02.05.2006",
		"type": "desa",
		"name": "WATLAAR"
	},
	{
		"code": "81.02.05.2007",
		"type": "desa",
		"name": "OHOIFAU"
	},
	{
		"code": "81.02.05.2008",
		"type": "desa",
		"name": "KILWAIR"
	},
	{
		"code": "81.02.05.2009",
		"type": "desa",
		"name": "RENFAN"
	},
	{
		"code": "81.02.05.2010",
		"type": "desa",
		"name": "HOLLAT SOLAIR"
	},
	{
		"code": "81.02.05.2011",
		"type": "desa",
		"name": "HOKO"
	},
	{
		"code": "81.02.05.2012",
		"type": "desa",
		"name": "HOLLAY"
	},
	{
		"code": "81.02.05.2013",
		"type": "desa",
		"name": "SOIN"
	},
	{
		"code": "81.02.05.2014",
		"type": "desa",
		"name": "HAAR OHOIMUR GPM"
	},
	{
		"code": "81.02.05.2015",
		"type": "desa",
		"name": "HAAR OHOIMUR RK"
	},
	{
		"code": "81.02.05.2016",
		"type": "desa",
		"name": "HAAR OHOIWAIT"
	},
	{
		"code": "81.02.05.2017",
		"type": "desa",
		"name": "HAAR WASSAR"
	},
	{
		"code": "81.02.05.2018",
		"type": "desa",
		"name": "HAAR RENRAHANTEL"
	},
	{
		"code": "81.02.05.2019",
		"type": "desa",
		"name": "UR"
	},
	{
		"code": "81.02.05.2020",
		"type": "desa",
		"name": "OHOIMAJANG"
	},
	{
		"code": "81.02.05.2021",
		"type": "desa",
		"name": "BANDA EFRUAN"
	},
	{
		"code": "81.02.05.2022",
		"type": "desa",
		"name": "BANDA SUKU TIGAPULUH"
	},
	{
		"code": "81.02.05.2023",
		"type": "desa",
		"name": "TUBURLAY"
	},
	{
		"code": "81.02.05.2024",
		"type": "desa",
		"name": "OHOIFARUAN"
	},
	{
		"code": "81.02.05.2025",
		"type": "desa",
		"name": "OHOIWIRIN"
	},
	{
		"code": "81.02.05.2026",
		"type": "desa",
		"name": "TUBURNGIL"
	},
	{
		"code": "81.02.05.2027",
		"type": "desa",
		"name": "YAMTIMUR"
	},
	{
		"code": "81.02.05.2028",
		"type": "desa",
		"name": "RENFAAN ISLAM"
	},
	{
		"code": "81.02.05.2029",
		"type": "desa",
		"name": "RENFAAN GPM"
	},
	{
		"code": "81.02.05.2030",
		"type": "desa",
		"name": "FANWAV"
	},
	{
		"code": "81.02.13",
		"type": "kecamatan",
		"name": "KEI KECIL TIMUR"
	},
	{
		"code": "81.02.13.2001",
		"type": "desa",
		"name": "WAIN"
	},
	{
		"code": "81.02.13.2002",
		"type": "desa",
		"name": "REWAV"
	},
	{
		"code": "81.02.13.2003",
		"type": "desa",
		"name": "RUMAAT"
	},
	{
		"code": "81.02.13.2004",
		"type": "desa",
		"name": "RAT"
	},
	{
		"code": "81.02.13.2005",
		"type": "desa",
		"name": "ABEAN"
	},
	{
		"code": "81.02.13.2006",
		"type": "desa",
		"name": "MASTUR"
	},
	{
		"code": "81.02.13.2013",
		"type": "desa",
		"name": "OHOINOL"
	},
	{
		"code": "81.02.13.2014",
		"type": "desa",
		"name": "SEMAWI"
	},
	{
		"code": "81.02.13.2015",
		"type": "desa",
		"name": "ISO"
	},
	{
		"code": "81.02.13.2016",
		"type": "desa",
		"name": "DISUK"
	},
	{
		"code": "81.02.13.2017",
		"type": "desa",
		"name": "WAIN BARU"
	},
	{
		"code": "81.02.13.2018",
		"type": "desa",
		"name": "MARFUN"
	},
	{
		"code": "81.02.13.2019",
		"type": "desa",
		"name": "WATNGON"
	},
	{
		"code": "81.02.13.2020",
		"type": "desa",
		"name": "YAFAVUN"
	},
	{
		"code": "81.02.13.2021",
		"type": "desa",
		"name": "MASTUR BARU"
	},
	{
		"code": "81.02.13.2022",
		"type": "desa",
		"name": "OHOILUS"
	},
	{
		"code": "81.02.13.2023",
		"type": "desa",
		"name": "TENBUK"
	},
	{
		"code": "81.02.13.2024",
		"type": "desa",
		"name": "DENWET"
	},
	{
		"code": "81.02.14",
		"type": "kecamatan",
		"name": "KEI KECIL BARAT"
	},
	{
		"code": "81.02.14.2001",
		"type": "desa",
		"name": "OHOIDERTUTU"
	},
	{
		"code": "81.02.14.2002",
		"type": "desa",
		"name": "MATWAIR"
	},
	{
		"code": "81.02.14.2003",
		"type": "desa",
		"name": "SOMLAIN"
	},
	{
		"code": "81.02.14.2004",
		"type": "desa",
		"name": "OHOIREN"
	},
	{
		"code": "81.02.14.2005",
		"type": "desa",
		"name": "OHOIRA"
	},
	{
		"code": "81.02.14.2006",
		"type": "desa",
		"name": "WARBAL"
	},
	{
		"code": "81.02.14.2007",
		"type": "desa",
		"name": "UR PULAU"
	},
	{
		"code": "81.02.14.2008",
		"type": "desa",
		"name": "TANIMBAR KEI"
	},
	{
		"code": "81.02.14.2009",
		"type": "desa",
		"name": "OHOIDERTOM"
	},
	{
		"code": "81.02.14.2010",
		"type": "desa",
		"name": "YATWAV"
	},
	{
		"code": "81.02.15",
		"type": "kecamatan",
		"name": "MANYEUW"
	},
	{
		"code": "81.02.15.2001",
		"type": "desa",
		"name": "RUMADIAN"
	},
	{
		"code": "81.02.15.2002",
		"type": "desa",
		"name": "DEBUT"
	},
	{
		"code": "81.02.15.2003",
		"type": "desa",
		"name": "NAMAR"
	},
	{
		"code": "81.02.15.2004",
		"type": "desa",
		"name": "NGILNGOF"
	},
	{
		"code": "81.02.15.2005",
		"type": "desa",
		"name": "SELAYAR"
	},
	{
		"code": "81.02.15.2006",
		"type": "desa",
		"name": "LAIRNGANGAS"
	},
	{
		"code": "81.02.15.2007",
		"type": "desa",
		"name": "OHOILUK"
	},
	{
		"code": "81.02.15.2008",
		"type": "desa",
		"name": "OHOILILIR"
	},
	{
		"code": "81.02.15.2009",
		"type": "desa",
		"name": "NGAYUB"
	},
	{
		"code": "81.02.16",
		"type": "kecamatan",
		"name": "HOAT SORBAY"
	},
	{
		"code": "81.02.16.2001",
		"type": "desa",
		"name": "TETOAT"
	},
	{
		"code": "81.02.16.2002",
		"type": "desa",
		"name": "DIAN PULAU"
	},
	{
		"code": "81.02.16.2003",
		"type": "desa",
		"name": "LETWUAN"
	},
	{
		"code": "81.02.16.2004",
		"type": "desa",
		"name": "EVU"
	},
	{
		"code": "81.02.16.2005",
		"type": "desa",
		"name": "WARWUT"
	},
	{
		"code": "81.02.16.2006",
		"type": "desa",
		"name": "WAB"
	},
	{
		"code": "81.02.16.2007",
		"type": "desa",
		"name": "DIAN DARAT"
	},
	{
		"code": "81.02.16.2008",
		"type": "desa",
		"name": "WIRIN"
	},
	{
		"code": "81.02.16.2009",
		"type": "desa",
		"name": "NGURSIT"
	},
	{
		"code": "81.02.16.2010",
		"type": "desa",
		"name": "MADWAT"
	},
	{
		"code": "81.02.16.2011",
		"type": "desa",
		"name": "OHOIBADAR"
	},
	{
		"code": "81.02.16.2012",
		"type": "desa",
		"name": "WATNGIL"
	},
	{
		"code": "81.02.16.2013",
		"type": "desa",
		"name": "ARSO"
	},
	{
		"code": "81.02.17",
		"type": "kecamatan",
		"name": "KEI BESAR UTARA BARAT"
	},
	{
		"code": "81.02.17.2001",
		"type": "desa",
		"name": "WEER OHOINAM"
	},
	{
		"code": "81.02.17.2002",
		"type": "desa",
		"name": "WEER OHOIKER"
	},
	{
		"code": "81.02.17.2003",
		"type": "desa",
		"name": "WEER FRAWAF"
	},
	{
		"code": "81.02.17.2004",
		"type": "desa",
		"name": "FAA"
	},
	{
		"code": "81.02.17.2005",
		"type": "desa",
		"name": "DANGARAT"
	},
	{
		"code": "81.02.17.2006",
		"type": "desa",
		"name": "OHOITUF"
	},
	{
		"code": "81.02.17.2007",
		"type": "desa",
		"name": "HANGUR"
	},
	{
		"code": "81.02.17.2008",
		"type": "desa",
		"name": "NGURWALEK"
	},
	{
		"code": "81.02.17.2009",
		"type": "desa",
		"name": "UWAT"
	},
	{
		"code": "81.02.17.2010",
		"type": "desa",
		"name": "UWAT WEAR"
	},
	{
		"code": "81.02.17.2011",
		"type": "desa",
		"name": "UWAT REYAAN"
	},
	{
		"code": "81.02.17.2012",
		"type": "desa",
		"name": "MUN OHOIIR"
	},
	{
		"code": "81.02.17.2013",
		"type": "desa",
		"name": "MUN ESSOY"
	},
	{
		"code": "81.02.17.2014",
		"type": "desa",
		"name": "MUN KAHAR"
	},
	{
		"code": "81.02.17.2015",
		"type": "desa",
		"name": "MUN NGURDITWAIN"
	},
	{
		"code": "81.02.17.2016",
		"type": "desa",
		"name": "MUN WERFAN"
	},
	{
		"code": "81.02.17.2017",
		"type": "desa",
		"name": "AD NGURWUL"
	},
	{
		"code": "81.02.17.2018",
		"type": "desa",
		"name": "AD OHOIWAF"
	},
	{
		"code": "81.02.17.2019",
		"type": "desa",
		"name": "LAAR"
	},
	{
		"code": "81.02.17.2020",
		"type": "desa",
		"name": "HOOR ISLAM"
	},
	{
		"code": "81.02.17.2021",
		"type": "desa",
		"name": "HOOR KRISTEN"
	},
	{
		"code": "81.02.17.2022",
		"type": "desa",
		"name": "WAER"
	},
	{
		"code": "81.02.17.2023",
		"type": "desa",
		"name": "WAERAT"
	},
	{
		"code": "81.02.17.2024",
		"type": "desa",
		"name": "MUN OHOITADIUN"
	},
	{
		"code": "81.02.17.2025",
		"type": "desa",
		"name": "AD WEAR AUR"
	},
	{
		"code": "81.02.18",
		"type": "kecamatan",
		"name": "KEI BESAR SELATAN BARAT"
	},
	{
		"code": "81.02.18.2001",
		"type": "desa",
		"name": "HOAT"
	},
	{
		"code": "81.02.18.2002",
		"type": "desa",
		"name": "NGAFAN"
	},
	{
		"code": "81.02.18.2003",
		"type": "desa",
		"name": "FEER"
	},
	{
		"code": "81.02.18.2004",
		"type": "desa",
		"name": "REREAN"
	},
	{
		"code": "81.02.18.2005",
		"type": "desa",
		"name": "NGURKO"
	},
	{
		"code": "81.02.18.2006",
		"type": "desa",
		"name": "HOKO"
	},
	{
		"code": "81.02.18.2007",
		"type": "desa",
		"name": "WEDUAR FER"
	},
	{
		"code": "81.02.18.2008",
		"type": "desa",
		"name": "UAT"
	},
	{
		"code": "81.02.18.2009",
		"type": "desa",
		"name": "NGAN"
	},
	{
		"code": "81.02.18.2010",
		"type": "desa",
		"name": "WATKIDAT"
	},
	{
		"code": "81.02.18.2011",
		"type": "desa",
		"name": "OHOILEAN"
	},
	{
		"code": "81.02.18.2012",
		"type": "desa",
		"name": "WAFOL"
	},
	{
		"code": "81.02.18.2013",
		"type": "desa",
		"name": "RAHANGIAR"
	},
	{
		"code": "81.02.19",
		"type": "kecamatan",
		"name": "KEI KECIL TIMUR SELATAN"
	},
	{
		"code": "81.02.19.2001",
		"type": "desa",
		"name": "DANAR OHOISEB"
	},
	{
		"code": "81.02.19.2002",
		"type": "desa",
		"name": "DANAR TERNATE"
	},
	{
		"code": "81.02.19.2003",
		"type": "desa",
		"name": "DANAR LUMEFAR"
	},
	{
		"code": "81.02.19.2004",
		"type": "desa",
		"name": "ELAAR NGURSOIN"
	},
	{
		"code": "81.02.19.2005",
		"type": "desa",
		"name": "ELAAR LAMAGORANG"
	},
	{
		"code": "81.02.19.2006",
		"type": "desa",
		"name": "ELAAR LET"
	},
	{
		"code": "81.02.19.2007",
		"type": "desa",
		"name": "SARE"
	},
	{
		"code": "81.02.19.2008",
		"type": "desa",
		"name": "MAAR"
	},
	{
		"code": "81.02.19.2009",
		"type": "desa",
		"name": "UF"
	},
	{
		"code": "81.02.19.2010",
		"type": "desa",
		"name": "NGURWUL"
	},
	{
		"code": "81.02.19.2011",
		"type": "desa",
		"name": "GARARA"
	},
	{
		"code": "81.03",
		"type": "kabupaten",
		"name": "KAB. MALUKU TENGGARA BARAT"
	},
	{
		"code": "81.03.01",
		"type": "kecamatan",
		"name": "TANIMBAR SELATAN"
	},
	{
		"code": "81.03.01.1001",
		"type": "kelurahan",
		"name": "SAUMLAKI"
	},
	{
		"code": "81.03.01.1002",
		"type": "kelurahan",
		"name": "SAUMLAKI UTARA"
	},
	{
		"code": "81.03.01.2002",
		"type": "desa",
		"name": "WOWONDA"
	},
	{
		"code": "81.03.01.2003",
		"type": "desa",
		"name": "ILNGEI"
	},
	{
		"code": "81.03.01.2004",
		"type": "desa",
		"name": "KABIARAT"
	},
	{
		"code": "81.03.01.2005",
		"type": "desa",
		"name": "LAURAN"
	},
	{
		"code": "81.03.01.2006",
		"type": "desa",
		"name": "SIFNANA"
	},
	{
		"code": "81.03.01.2007",
		"type": "desa",
		"name": "OLILIT RAYA"
	},
	{
		"code": "81.03.01.2008",
		"type": "desa",
		"name": "LERMATANG"
	},
	{
		"code": "81.03.01.2009",
		"type": "desa",
		"name": "LATDALAM"
	},
	{
		"code": "81.03.01.2010",
		"type": "desa",
		"name": "BOMAKI"
	},
	{
		"code": "81.03.01.2011",
		"type": "desa",
		"name": "MATAKUS"
	},
	{
		"code": "81.03.02",
		"type": "kecamatan",
		"name": "SELARU"
	},
	{
		"code": "81.03.02.2001",
		"type": "desa",
		"name": "ADAUT"
	},
	{
		"code": "81.03.02.2002",
		"type": "desa",
		"name": "NAMTABUNG"
	},
	{
		"code": "81.03.02.2003",
		"type": "desa",
		"name": "KANDAR"
	},
	{
		"code": "81.03.02.2004",
		"type": "desa",
		"name": "LINGAT"
	},
	{
		"code": "81.03.02.2005",
		"type": "desa",
		"name": "FURSUY"
	},
	{
		"code": "81.03.02.2006",
		"type": "desa",
		"name": "WERAIN"
	},
	{
		"code": "81.03.02.2007",
		"type": "desa",
		"name": "ELIASA"
	},
	{
		"code": "81.03.03",
		"type": "kecamatan",
		"name": "WER TAMRIAN"
	},
	{
		"code": "81.03.03.2001",
		"type": "desa",
		"name": "TUMBUR"
	},
	{
		"code": "81.03.03.2002",
		"type": "desa",
		"name": "LORULUN"
	},
	{
		"code": "81.03.03.2003",
		"type": "desa",
		"name": "ATUBUL DOL"
	},
	{
		"code": "81.03.03.2004",
		"type": "desa",
		"name": "AMDASA"
	},
	{
		"code": "81.03.03.2005",
		"type": "desa",
		"name": "SANGLIAT KRAWAIN"
	},
	{
		"code": "81.03.03.2006",
		"type": "desa",
		"name": "ARUI BAB"
	},
	{
		"code": "81.03.03.2007",
		"type": "desa",
		"name": "ARUI DAS"
	},
	{
		"code": "81.03.03.2008",
		"type": "desa",
		"name": "SANGLIAT DOL"
	},
	{
		"code": "81.03.03.2009",
		"type": "desa",
		"name": "ATUBUL DA"
	},
	{
		"code": "81.03.04",
		"type": "kecamatan",
		"name": "WER MAKTIAN"
	},
	{
		"code": "81.03.04.2001",
		"type": "desa",
		"name": "KAMATUBUN"
	},
	{
		"code": "81.03.04.2002",
		"type": "desa",
		"name": "RUMAHSALUT"
	},
	{
		"code": "81.03.04.2003",
		"type": "desa",
		"name": "WELUTU"
	},
	{
		"code": "81.03.04.2004",
		"type": "desa",
		"name": "THEMIN"
	},
	{
		"code": "81.03.04.2005",
		"type": "desa",
		"name": "WERATAN"
	},
	{
		"code": "81.03.04.2006",
		"type": "desa",
		"name": "WERMATANG"
	},
	{
		"code": "81.03.04.2007",
		"type": "desa",
		"name": "BATU PUTIH"
	},
	{
		"code": "81.03.04.2008",
		"type": "desa",
		"name": "MAKATIAN"
	},
	{
		"code": "81.03.04.2009",
		"type": "desa",
		"name": "MARANTUTUL"
	},
	{
		"code": "81.03.05",
		"type": "kecamatan",
		"name": "TANIMBAR UTARA"
	},
	{
		"code": "81.03.05.2001",
		"type": "desa",
		"name": "LELINGLUAN"
	},
	{
		"code": "81.03.05.2002",
		"type": "desa",
		"name": "RITABEL"
	},
	{
		"code": "81.03.05.2003",
		"type": "desa",
		"name": "RIDOOL"
	},
	{
		"code": "81.03.05.2004",
		"type": "desa",
		"name": "WATIDAL"
	},
	{
		"code": "81.03.05.2005",
		"type": "desa",
		"name": "KILOBAR"
	},
	{
		"code": "81.03.05.2006",
		"type": "desa",
		"name": "KELAAN"
	},
	{
		"code": "81.03.05.2007",
		"type": "desa",
		"name": "LAMDESAR BARAT"
	},
	{
		"code": "81.03.05.2008",
		"type": "desa",
		"name": "LAMDESAR TIMUR"
	},
	{
		"code": "81.03.06",
		"type": "kecamatan",
		"name": "YARU"
	},
	{
		"code": "81.03.06.2001",
		"type": "desa",
		"name": "ROMEAN"
	},
	{
		"code": "81.03.06.2002",
		"type": "desa",
		"name": "RUMNGEUR"
	},
	{
		"code": "81.03.06.2003",
		"type": "desa",
		"name": "AWEAR"
	},
	{
		"code": "81.03.06.2004",
		"type": "desa",
		"name": "SOFYANIN"
	},
	{
		"code": "81.03.06.2005",
		"type": "desa",
		"name": "WALERANG"
	},
	{
		"code": "81.03.06.2006",
		"type": "desa",
		"name": "ADODO FORDATA"
	},
	{
		"code": "81.03.07",
		"type": "kecamatan",
		"name": "WUAR LABOBAR"
	},
	{
		"code": "81.03.07.2001",
		"type": "desa",
		"name": "ABAT"
	},
	{
		"code": "81.03.07.2002",
		"type": "desa",
		"name": "LABOBAR"
	},
	{
		"code": "81.03.07.2008",
		"type": "desa",
		"name": "WATMASA"
	},
	{
		"code": "81.03.07.2009",
		"type": "desa",
		"name": "AWEAR RUMNGEUR"
	},
	{
		"code": "81.03.07.2010",
		"type": "desa",
		"name": "KARATAT"
	},
	{
		"code": "81.03.07.2011",
		"type": "desa",
		"name": "WUNLAH"
	},
	{
		"code": "81.03.07.2012",
		"type": "desa",
		"name": "KILOON"
	},
	{
		"code": "81.03.07.2013",
		"type": "desa",
		"name": "LINGADA"
	},
	{
		"code": "81.03.07.2014",
		"type": "desa",
		"name": "TEINEMAN"
	},
	{
		"code": "81.03.07.2015",
		"type": "desa",
		"name": "WABAR"
	},
	{
		"code": "81.03.07.2016",
		"type": "desa",
		"name": "ROMNUS"
	},
	{
		"code": "81.03.08",
		"type": "kecamatan",
		"name": "KORMOMOLIN"
	},
	{
		"code": "81.03.08.2001",
		"type": "desa",
		"name": "LUMASEBU"
	},
	{
		"code": "81.03.08.2002",
		"type": "desa",
		"name": "KILMASA"
	},
	{
		"code": "81.03.08.2003",
		"type": "desa",
		"name": "MEYANO BAB"
	},
	{
		"code": "81.03.08.2004",
		"type": "desa",
		"name": "ALUSI KRAWAIN"
	},
	{
		"code": "81.03.08.2005",
		"type": "desa",
		"name": "ALUSI KELAAN"
	},
	{
		"code": "81.03.08.2006",
		"type": "desa",
		"name": "ALUSI BUKJALIM"
	},
	{
		"code": "81.03.08.2007",
		"type": "desa",
		"name": "ALUSI TAMRIAN"
	},
	{
		"code": "81.03.08.2008",
		"type": "desa",
		"name": "ALUSI BATJASI"
	},
	{
		"code": "81.03.08.2009",
		"type": "desa",
		"name": "LORWEMBUN"
	},
	{
		"code": "81.03.08.2010",
		"type": "desa",
		"name": "MEYANO DAS"
	},
	{
		"code": "81.03.09",
		"type": "kecamatan",
		"name": "NIRUNMAS"
	},
	{
		"code": "81.03.09.2001",
		"type": "desa",
		"name": "ARMA"
	},
	{
		"code": "81.03.09.2002",
		"type": "desa",
		"name": "WATMURI"
	},
	{
		"code": "81.03.09.2003",
		"type": "desa",
		"name": "MANGLUSI"
	},
	{
		"code": "81.03.09.2004",
		"type": "desa",
		"name": "TUTUKEMBONG"
	},
	{
		"code": "81.03.09.2005",
		"type": "desa",
		"name": "WATURU"
	},
	{
		"code": "81.03.18",
		"type": "kecamatan",
		"name": "MOLU MARU"
	},
	{
		"code": "81.03.18.2001",
		"type": "desa",
		"name": "WADANKOU"
	},
	{
		"code": "81.03.18.2002",
		"type": "desa",
		"name": "ADODO MOLU"
	},
	{
		"code": "81.03.18.2003",
		"type": "desa",
		"name": "WULMASA"
	},
	{
		"code": "81.03.18.2004",
		"type": "desa",
		"name": "TUTUNAMETAL"
	},
	{
		"code": "81.03.18.2005",
		"type": "desa",
		"name": "NURKAT"
	},
	{
		"code": "81.04",
		"type": "kabupaten",
		"name": "KAB. BURU"
	},
	{
		"code": "81.04.01",
		"type": "kecamatan",
		"name": "NAMLEA"
	},
	{
		"code": "81.04.01.2001",
		"type": "desa",
		"name": "NAMLEA"
	},
	{
		"code": "81.04.01.2002",
		"type": "desa",
		"name": "LALA"
	},
	{
		"code": "81.04.01.2003",
		"type": "desa",
		"name": "KARANG JAYA"
	},
	{
		"code": "81.04.01.2009",
		"type": "desa",
		"name": "SIAHONI"
	},
	{
		"code": "81.04.01.2010",
		"type": "desa",
		"name": "JAMILU"
	},
	{
		"code": "81.04.01.2011",
		"type": "desa",
		"name": "SANLEKO"
	},
	{
		"code": "81.04.01.2012",
		"type": "desa",
		"name": "BATU BOY"
	},
	{
		"code": "81.04.02",
		"type": "kecamatan",
		"name": "AIR BUAYA"
	},
	{
		"code": "81.04.02.2004",
		"type": "desa",
		"name": "WAEPURE"
	},
	{
		"code": "81.04.02.2005",
		"type": "desa",
		"name": "WAEMANGIT"
	},
	{
		"code": "81.04.02.2006",
		"type": "desa",
		"name": "AIR BUAYA"
	},
	{
		"code": "81.04.02.2007",
		"type": "desa",
		"name": "TANJUNG KARANG"
	},
	{
		"code": "81.04.02.2008",
		"type": "desa",
		"name": "BARA"
	},
	{
		"code": "81.04.02.2014",
		"type": "desa",
		"name": "SELWADU"
	},
	{
		"code": "81.04.02.2018",
		"type": "desa",
		"name": "WASBAKA"
	},
	{
		"code": "81.04.02.2019",
		"type": "desa",
		"name": "KAMPUNG BARU"
	},
	{
		"code": "81.04.02.2020",
		"type": "desa",
		"name": "BATLALE"
	},
	{
		"code": "81.04.02.2023",
		"type": "desa",
		"name": "AWILINAN"
	},
	{
		"code": "81.04.03",
		"type": "kecamatan",
		"name": "WAEAPO"
	},
	{
		"code": "81.04.03.2001",
		"type": "desa",
		"name": "SAVANA JAYA"
	},
	{
		"code": "81.04.03.2002",
		"type": "desa",
		"name": "WAETELE"
	},
	{
		"code": "81.04.03.2003",
		"type": "desa",
		"name": "WAEKASAR"
	},
	{
		"code": "81.04.03.2004",
		"type": "desa",
		"name": "WAENETAT"
	},
	{
		"code": "81.04.03.2016",
		"type": "desa",
		"name": "WAEKERTA"
	},
	{
		"code": "81.04.03.2019",
		"type": "desa",
		"name": "WANAREJA"
	},
	{
		"code": "81.04.03.2027",
		"type": "desa",
		"name": "GOGOREA"
	},
	{
		"code": "81.04.06",
		"type": "kecamatan",
		"name": "WAPLAU"
	},
	{
		"code": "81.04.06.2001",
		"type": "desa",
		"name": "LAMAHANG"
	},
	{
		"code": "81.04.06.2002",
		"type": "desa",
		"name": "WAPLAU"
	},
	{
		"code": "81.04.06.2003",
		"type": "desa",
		"name": "WAEURA"
	},
	{
		"code": "81.04.06.2004",
		"type": "desa",
		"name": "SAMALAGI"
	},
	{
		"code": "81.04.06.2005",
		"type": "desa",
		"name": "NAMSINA"
	},
	{
		"code": "81.04.06.2006",
		"type": "desa",
		"name": "HATAWANO"
	},
	{
		"code": "81.04.06.2007",
		"type": "desa",
		"name": "WAELIHANG"
	},
	{
		"code": "81.04.06.2008",
		"type": "desa",
		"name": "WAPREA"
	},
	{
		"code": "81.04.06.2009",
		"type": "desa",
		"name": "WAEPOTIH"
	},
	{
		"code": "81.04.06.2010",
		"type": "desa",
		"name": "SKIKILALE"
	},
	{
		"code": "81.04.10",
		"type": "kecamatan",
		"name": "BATABUAL"
	},
	{
		"code": "81.04.10.2001",
		"type": "desa",
		"name": "ILATH"
	},
	{
		"code": "81.04.10.2002",
		"type": "desa",
		"name": "BATU JUNGKU"
	},
	{
		"code": "81.04.10.2003",
		"type": "desa",
		"name": "PELA"
	},
	{
		"code": "81.04.10.2004",
		"type": "desa",
		"name": "WAEMORAT"
	},
	{
		"code": "81.04.10.2006",
		"type": "desa",
		"name": "NAMLEA ILATH"
	},
	{
		"code": "81.04.11",
		"type": "kecamatan",
		"name": "LOLONG GUBA"
	},
	{
		"code": "81.04.11.2001",
		"type": "desa",
		"name": "KUBALAHIN"
	},
	{
		"code": "81.04.11.2002",
		"type": "desa",
		"name": "WAEGEREN"
	},
	{
		"code": "81.04.11.2003",
		"type": "desa",
		"name": "GRANDENG"
	},
	{
		"code": "81.04.11.2004",
		"type": "desa",
		"name": "LELE"
	},
	{
		"code": "81.04.11.2005",
		"type": "desa",
		"name": "WANAKARTA"
	},
	{
		"code": "81.04.11.2006",
		"type": "desa",
		"name": "WABLOY"
	},
	{
		"code": "81.04.11.2007",
		"type": "desa",
		"name": "OHILAHIN"
	},
	{
		"code": "81.04.11.2008",
		"type": "desa",
		"name": "TIFU"
	},
	{
		"code": "81.04.11.2009",
		"type": "desa",
		"name": "WAPSALIT"
	},
	{
		"code": "81.04.11.2010",
		"type": "desa",
		"name": "NAFRUA"
	},
	{
		"code": "81.04.12",
		"type": "kecamatan",
		"name": "WAELATA"
	},
	{
		"code": "81.04.12.2001",
		"type": "desa",
		"name": "WAELO"
	},
	{
		"code": "81.04.12.2002",
		"type": "desa",
		"name": "DEBOWAE"
	},
	{
		"code": "81.04.12.2003",
		"type": "desa",
		"name": "PARBULU"
	},
	{
		"code": "81.04.12.2004",
		"type": "desa",
		"name": "WAETINA"
	},
	{
		"code": "81.04.12.2005",
		"type": "desa",
		"name": "WAELEMAN"
	},
	{
		"code": "81.04.12.2006",
		"type": "desa",
		"name": "BASALALE"
	},
	{
		"code": "81.04.12.2007",
		"type": "desa",
		"name": "WAFLAN"
	},
	{
		"code": "81.04.12.2008",
		"type": "desa",
		"name": "DAVA"
	},
	{
		"code": "81.04.12.2009",
		"type": "desa",
		"name": "WAEHATA"
	},
	{
		"code": "81.04.12.2010",
		"type": "desa",
		"name": "WIDIT"
	},
	{
		"code": "81.04.13",
		"type": "kecamatan",
		"name": "FENA LEISELA"
	},
	{
		"code": "81.04.13.2001",
		"type": "desa",
		"name": "WAMLANA"
	},
	{
		"code": "81.04.13.2002",
		"type": "desa",
		"name": "BALBALU"
	},
	{
		"code": "81.04.13.2003",
		"type": "desa",
		"name": "WASPAIT"
	},
	{
		"code": "81.04.13.2004",
		"type": "desa",
		"name": "WAEDANGA"
	},
	{
		"code": "81.04.13.2005",
		"type": "desa",
		"name": "LEMANPOLI"
	},
	{
		"code": "81.04.13.2006",
		"type": "desa",
		"name": "WAELANA-LANA"
	},
	{
		"code": "81.04.13.2007",
		"type": "desa",
		"name": "WAEREMAN"
	},
	{
		"code": "81.04.13.2008",
		"type": "desa",
		"name": "WAEMITE"
	},
	{
		"code": "81.04.13.2009",
		"type": "desa",
		"name": "WASI"
	},
	{
		"code": "81.04.13.2010",
		"type": "desa",
		"name": "WAEKOSE"
	},
	{
		"code": "81.04.13.2011",
		"type": "desa",
		"name": "WAMANA BARU"
	},
	{
		"code": "81.04.13.2012",
		"type": "desa",
		"name": "RAHERIAT"
	},
	{
		"code": "81.04.13.2013",
		"type": "desa",
		"name": "WAENIBE"
	},
	{
		"code": "81.04.14",
		"type": "kecamatan",
		"name": "TELUK KAIELY"
	},
	{
		"code": "81.04.14.2001",
		"type": "desa",
		"name": "KAIELY"
	},
	{
		"code": "81.04.14.2002",
		"type": "desa",
		"name": "MASARETE"
	},
	{
		"code": "81.04.14.2003",
		"type": "desa",
		"name": "WAELAPIA"
	},
	{
		"code": "81.04.14.2004",
		"type": "desa",
		"name": "KAKI AIR"
	},
	{
		"code": "81.04.14.2005",
		"type": "desa",
		"name": "SEITH"
	},
	{
		"code": "81.04.15",
		"type": "kecamatan",
		"name": "LILIALY"
	},
	{
		"code": "81.04.15.2001",
		"type": "desa",
		"name": "UBUNG"
	},
	{
		"code": "81.04.15.2002",
		"type": "desa",
		"name": "JIKUMERASA"
	},
	{
		"code": "81.04.15.2003",
		"type": "desa",
		"name": "WAEMITING"
	},
	{
		"code": "81.04.15.2004",
		"type": "desa",
		"name": "SAWA"
	},
	{
		"code": "81.04.15.2005",
		"type": "desa",
		"name": "WAEPERANG"
	},
	{
		"code": "81.05",
		"type": "kabupaten",
		"name": "KAB. SERAM BAGIAN TIMUR"
	},
	{
		"code": "81.05.01",
		"type": "kecamatan",
		"name": "BULA"
	},
	{
		"code": "81.05.01.2003",
		"type": "desa",
		"name": "BULA"
	},
	{
		"code": "81.05.01.2004",
		"type": "desa",
		"name": "SALAS"
	},
	{
		"code": "81.05.01.2010",
		"type": "desa",
		"name": "ENGLAS"
	},
	{
		"code": "81.05.01.2011",
		"type": "desa",
		"name": "BULA AIR FATOLO"
	},
	{
		"code": "81.05.01.2012",
		"type": "desa",
		"name": "SESAR"
	},
	{
		"code": "81.05.01.2022",
		"type": "desa",
		"name": "TANSI AMBON"
	},
	{
		"code": "81.05.01.2023",
		"type": "desa",
		"name": "KAMPUNG WAILOLA"
	},
	{
		"code": "81.05.01.2024",
		"type": "desa",
		"name": "KAMPUNG GOROM"
	},
	{
		"code": "81.05.01.2025",
		"type": "desa",
		"name": "LIMUMIR"
	},
	{
		"code": "81.05.01.2026",
		"type": "desa",
		"name": "FATTOLO"
	},
	{
		"code": "81.05.02",
		"type": "kecamatan",
		"name": "SERAM TIMUR"
	},
	{
		"code": "81.05.02.2001",
		"type": "desa",
		"name": "GESER"
	},
	{
		"code": "81.05.02.2002",
		"type": "desa",
		"name": "KILTAY"
	},
	{
		"code": "81.05.02.2003",
		"type": "desa",
		"name": "KILWARU"
	},
	{
		"code": "81.05.02.2004",
		"type": "desa",
		"name": "KELLU"
	},
	{
		"code": "81.05.02.2005",
		"type": "desa",
		"name": "KEFFING"
	},
	{
		"code": "81.05.02.2006",
		"type": "desa",
		"name": "URUNG"
	},
	{
		"code": "81.05.02.2028",
		"type": "desa",
		"name": "KILFURA"
	},
	{
		"code": "81.05.02.2046",
		"type": "desa",
		"name": "ATA"
	},
	{
		"code": "81.05.02.2047",
		"type": "desa",
		"name": "KWAWOR KECIL MATA WAWA"
	},
	{
		"code": "81.05.02.2048",
		"type": "desa",
		"name": "KWAWOR BESAR ENA"
	},
	{
		"code": "81.05.02.2049",
		"type": "desa",
		"name": "KWAWOR BESAR WITAU"
	},
	{
		"code": "81.05.02.2050",
		"type": "desa",
		"name": "GULI-GULI"
	},
	{
		"code": "81.05.02.2051",
		"type": "desa",
		"name": "MANGGIS"
	},
	{
		"code": "81.05.02.2052",
		"type": "desa",
		"name": "AINENA"
	},
	{
		"code": "81.05.02.2053",
		"type": "desa",
		"name": "MUGUSINIS"
	},
	{
		"code": "81.05.02.2054",
		"type": "desa",
		"name": "AKATFADEDO"
	},
	{
		"code": "81.05.03",
		"type": "kecamatan",
		"name": "WERINAMA"
	},
	{
		"code": "81.05.03.2001",
		"type": "desa",
		"name": "BATUASA"
	},
	{
		"code": "81.05.03.2002",
		"type": "desa",
		"name": "HATUIMETEN"
	},
	{
		"code": "81.05.03.2003",
		"type": "desa",
		"name": "WERINAMA"
	},
	{
		"code": "81.05.03.2004",
		"type": "desa",
		"name": "BEMO"
	},
	{
		"code": "81.05.03.2015",
		"type": "desa",
		"name": "TUM"
	},
	{
		"code": "81.05.03.2016",
		"type": "desa",
		"name": "GUSALAUT"
	},
	{
		"code": "81.05.03.2017",
		"type": "desa",
		"name": "OSONG"
	},
	{
		"code": "81.05.03.2018",
		"type": "desa",
		"name": "TOBO"
	},
	{
		"code": "81.05.03.2021",
		"type": "desa",
		"name": "BEMO PERAK"
	},
	{
		"code": "81.05.03.2022",
		"type": "desa",
		"name": "FUNA NAIBAYA"
	},
	{
		"code": "81.05.04",
		"type": "kecamatan",
		"name": "PULAU GOROM"
	},
	{
		"code": "81.05.04.2001",
		"type": "desa",
		"name": "KATALOKA"
	},
	{
		"code": "81.05.04.2003",
		"type": "desa",
		"name": "AMARSEKARU"
	},
	{
		"code": "81.05.04.2004",
		"type": "desa",
		"name": "ONDOR"
	},
	{
		"code": "81.05.04.2005",
		"type": "desa",
		"name": "DAY"
	},
	{
		"code": "81.05.04.2006",
		"type": "desa",
		"name": "MIDA"
	},
	{
		"code": "81.05.04.2021",
		"type": "desa",
		"name": "LOKO"
	},
	{
		"code": "81.05.04.2022",
		"type": "desa",
		"name": "SERA"
	},
	{
		"code": "81.05.04.2023",
		"type": "desa",
		"name": "KULUGOWA"
	},
	{
		"code": "81.05.04.2024",
		"type": "desa",
		"name": "RUMEON"
	},
	{
		"code": "81.05.04.2031",
		"type": "desa",
		"name": "KELIBINGAN"
	},
	{
		"code": "81.05.04.2032",
		"type": "desa",
		"name": "ILILI"
	},
	{
		"code": "81.05.04.2042",
		"type": "desa",
		"name": "NAMALEAN"
	},
	{
		"code": "81.05.04.2043",
		"type": "desa",
		"name": "DULAK"
	},
	{
		"code": "81.05.04.2044",
		"type": "desa",
		"name": "KILALIR KILWOUW"
	},
	{
		"code": "81.05.04.2045",
		"type": "desa",
		"name": "KILOTAK"
	},
	{
		"code": "81.05.04.2046",
		"type": "desa",
		"name": "KILEAN"
	},
	{
		"code": "81.05.04.2047",
		"type": "desa",
		"name": "KAFORING"
	},
	{
		"code": "81.05.04.2048",
		"type": "desa",
		"name": "AREWANG"
	},
	{
		"code": "81.05.04.2049",
		"type": "desa",
		"name": "USUN KATALOKA"
	},
	{
		"code": "81.05.04.2050",
		"type": "desa",
		"name": "BUAN KATALOKA"
	},
	{
		"code": "81.05.04.2051",
		"type": "desa",
		"name": "RUMANAMA KOTAWOUW KATALOKA"
	},
	{
		"code": "81.05.04.2052",
		"type": "desa",
		"name": "SIKARO KATALOKA"
	},
	{
		"code": "81.05.04.2053",
		"type": "desa",
		"name": "AROA KATALOKA"
	},
	{
		"code": "81.05.04.2054",
		"type": "desa",
		"name": "DADA KATALOKA"
	},
	{
		"code": "81.05.05",
		"type": "kecamatan",
		"name": "WAKATE"
	},
	{
		"code": "81.05.05.2001",
		"type": "desa",
		"name": "ILILI"
	},
	{
		"code": "81.05.05.2002",
		"type": "desa",
		"name": "EFFA"
	},
	{
		"code": "81.05.05.2003",
		"type": "desa",
		"name": "LAHEMA"
	},
	{
		"code": "81.05.05.2004",
		"type": "desa",
		"name": "UTTA"
	},
	{
		"code": "81.05.05.2005",
		"type": "desa",
		"name": "KELANGAN"
	},
	{
		"code": "81.05.05.2006",
		"type": "desa",
		"name": "AMARLAUT"
	},
	{
		"code": "81.05.05.2007",
		"type": "desa",
		"name": "TAMHER WARAT"
	},
	{
		"code": "81.05.05.2008",
		"type": "desa",
		"name": "TAMHER TIMUR"
	},
	{
		"code": "81.05.05.2010",
		"type": "desa",
		"name": "WUNIN ELDEDORA"
	},
	{
		"code": "81.05.05.2011",
		"type": "desa",
		"name": "KELDOR"
	},
	{
		"code": "81.05.05.2021",
		"type": "desa",
		"name": "TANAH BARU"
	},
	{
		"code": "81.05.05.2022",
		"type": "desa",
		"name": "GULIAR"
	},
	{
		"code": "81.05.05.2023",
		"type": "desa",
		"name": "KARLOMIN"
	},
	{
		"code": "81.05.05.2024",
		"type": "desa",
		"name": "OTADEMAN"
	},
	{
		"code": "81.05.05.2025",
		"type": "desa",
		"name": "KURWARA"
	},
	{
		"code": "81.05.05.2026",
		"type": "desa",
		"name": "KILBUTAK"
	},
	{
		"code": "81.05.05.2027",
		"type": "desa",
		"name": "RUMA DURUN"
	},
	{
		"code": "81.05.05.2028",
		"type": "desa",
		"name": "TANA SOA"
	},
	{
		"code": "81.05.06",
		"type": "kecamatan",
		"name": "TUTUK TOLU"
	},
	{
		"code": "81.05.06.2001",
		"type": "desa",
		"name": "DANAMA"
	},
	{
		"code": "81.05.06.2002",
		"type": "desa",
		"name": "KILMOY"
	},
	{
		"code": "81.05.06.2003",
		"type": "desa",
		"name": "KILBAT"
	},
	{
		"code": "81.05.06.2004",
		"type": "desa",
		"name": "SESAR"
	},
	{
		"code": "81.05.06.2005",
		"type": "desa",
		"name": "AIRKASAR"
	},
	{
		"code": "81.05.06.2006",
		"type": "desa",
		"name": "WARAS-WARAS"
	},
	{
		"code": "81.05.06.2007",
		"type": "desa",
		"name": "GAH"
	},
	{
		"code": "81.05.06.2008",
		"type": "desa",
		"name": "WALANG TENGA"
	},
	{
		"code": "81.05.06.2009",
		"type": "desa",
		"name": "BATI KILWOUW"
	},
	{
		"code": "81.05.06.2010",
		"type": "desa",
		"name": "TARUY"
	},
	{
		"code": "81.05.06.2011",
		"type": "desa",
		"name": "KUFAR"
	},
	{
		"code": "81.05.07",
		"type": "kecamatan",
		"name": "SIWALALAT"
	},
	{
		"code": "81.05.07.2001",
		"type": "desa",
		"name": "DIHIL"
	},
	{
		"code": "81.05.07.2002",
		"type": "desa",
		"name": "LILIAMA"
	},
	{
		"code": "81.05.07.2003",
		"type": "desa",
		"name": "NAIWEL AHINULIN"
	},
	{
		"code": "81.05.07.2004",
		"type": "desa",
		"name": "POLIN"
	},
	{
		"code": "81.05.07.2005",
		"type": "desa",
		"name": "TUNSAI"
	},
	{
		"code": "81.05.07.2006",
		"type": "desa",
		"name": "LAPELA"
	},
	{
		"code": "81.05.07.2007",
		"type": "desa",
		"name": "NAYET"
	},
	{
		"code": "81.05.07.2008",
		"type": "desa",
		"name": "ELNUSA"
	},
	{
		"code": "81.05.07.2009",
		"type": "desa",
		"name": "ATIAHU"
	},
	{
		"code": "81.05.07.2010",
		"type": "desa",
		"name": "SABUAI"
	},
	{
		"code": "81.05.07.2011",
		"type": "desa",
		"name": "ABULATE"
	},
	{
		"code": "81.05.07.2012",
		"type": "desa",
		"name": "ADABAI"
	},
	{
		"code": "81.05.08",
		"type": "kecamatan",
		"name": "KILMURY"
	},
	{
		"code": "81.05.08.2001",
		"type": "desa",
		"name": "SELOR"
	},
	{
		"code": "81.05.08.2002",
		"type": "desa",
		"name": "NEKAN"
	},
	{
		"code": "81.05.08.2003",
		"type": "desa",
		"name": "AFANG KOTA"
	},
	{
		"code": "81.05.08.2004",
		"type": "desa",
		"name": "AFANG DEFOL"
	},
	{
		"code": "81.05.08.2005",
		"type": "desa",
		"name": "KUMELANG"
	},
	{
		"code": "81.05.08.2006",
		"type": "desa",
		"name": "UNDUR"
	},
	{
		"code": "81.05.08.2007",
		"type": "desa",
		"name": "KAMAR"
	},
	{
		"code": "81.05.08.2008",
		"type": "desa",
		"name": "GUNAK"
	},
	{
		"code": "81.05.08.2009",
		"type": "desa",
		"name": "SUMBAWA"
	},
	{
		"code": "81.05.08.2010",
		"type": "desa",
		"name": "KILMURY"
	},
	{
		"code": "81.05.08.2011",
		"type": "desa",
		"name": "KILBON KWAY"
	},
	{
		"code": "81.05.08.2012",
		"type": "desa",
		"name": "MISING"
	},
	{
		"code": "81.05.08.2013",
		"type": "desa",
		"name": "BITORIK"
	},
	{
		"code": "81.05.08.2014",
		"type": "desa",
		"name": "TAA"
	},
	{
		"code": "81.05.09",
		"type": "kecamatan",
		"name": "PULAU PANJANG"
	},
	{
		"code": "81.05.09.2001",
		"type": "desa",
		"name": "PULAU PANJANG"
	},
	{
		"code": "81.05.09.2002",
		"type": "desa",
		"name": "ARGAM"
	},
	{
		"code": "81.05.09.2003",
		"type": "desa",
		"name": "LALASA"
	},
	{
		"code": "81.05.09.2004",
		"type": "desa",
		"name": "MAGAT"
	},
	{
		"code": "81.05.09.2005",
		"type": "desa",
		"name": "RUKU RUKU"
	},
	{
		"code": "81.05.09.2006",
		"type": "desa",
		"name": "PERIK BASARANGGI"
	},
	{
		"code": "81.05.10",
		"type": "kecamatan",
		"name": "TEOR"
	},
	{
		"code": "81.05.10.2001",
		"type": "desa",
		"name": "TEOR"
	},
	{
		"code": "81.05.10.2002",
		"type": "desa",
		"name": "KARTUTIN KARTENGA"
	},
	{
		"code": "81.05.10.2003",
		"type": "desa",
		"name": "KER KER"
	},
	{
		"code": "81.05.10.2004",
		"type": "desa",
		"name": "DURYAR RUMOY"
	},
	{
		"code": "81.05.10.2005",
		"type": "desa",
		"name": "LAPANG KAMPUNG JAWA"
	},
	{
		"code": "81.05.10.2006",
		"type": "desa",
		"name": "KAMPUNG TENGAH WERMAF"
	},
	{
		"code": "81.05.10.2007",
		"type": "desa",
		"name": "KAMPUNG BARU"
	},
	{
		"code": "81.05.10.2008",
		"type": "desa",
		"name": "MAMUR"
	},
	{
		"code": "81.05.10.2009",
		"type": "desa",
		"name": "KILIWOUW"
	},
	{
		"code": "81.05.10.2010",
		"type": "desa",
		"name": "KARLOKIN"
	},
	{
		"code": "81.05.11",
		"type": "kecamatan",
		"name": "GOROM TIMUR"
	},
	{
		"code": "81.05.11.2001",
		"type": "desa",
		"name": "KILKODA"
	},
	{
		"code": "81.05.11.2002",
		"type": "desa",
		"name": "MIRAN"
	},
	{
		"code": "81.05.11.2003",
		"type": "desa",
		"name": "KOTA SIRIH"
	},
	{
		"code": "81.05.11.2004",
		"type": "desa",
		"name": "AMARWATU"
	},
	{
		"code": "81.05.11.2005",
		"type": "desa",
		"name": "ARAN"
	},
	{
		"code": "81.05.11.2006",
		"type": "desa",
		"name": "TUHA"
	},
	{
		"code": "81.05.11.2007",
		"type": "desa",
		"name": "BAS"
	},
	{
		"code": "81.05.11.2008",
		"type": "desa",
		"name": "TUNAS ILUR"
	},
	{
		"code": "81.05.11.2009",
		"type": "desa",
		"name": "SAGEY"
	},
	{
		"code": "81.05.11.2010",
		"type": "desa",
		"name": "ARMADA"
	},
	{
		"code": "81.05.11.2011",
		"type": "desa",
		"name": "WAISALAN"
	},
	{
		"code": "81.05.11.2012",
		"type": "desa",
		"name": "BASARIN"
	},
	{
		"code": "81.05.11.2013",
		"type": "desa",
		"name": "GOHA"
	},
	{
		"code": "81.05.11.2014",
		"type": "desa",
		"name": "RARAT"
	},
	{
		"code": "81.05.11.2015",
		"type": "desa",
		"name": "MIRAN GOTA"
	},
	{
		"code": "81.05.11.2016",
		"type": "desa",
		"name": "ADAR"
	},
	{
		"code": "81.05.11.2017",
		"type": "desa",
		"name": "TINARIN"
	},
	{
		"code": "81.05.11.2018",
		"type": "desa",
		"name": "ETARALU"
	},
	{
		"code": "81.05.11.2019",
		"type": "desa",
		"name": "KILTUFA"
	},
	{
		"code": "81.05.11.2020",
		"type": "desa",
		"name": "MIRAN KILIAN"
	},
	{
		"code": "81.05.11.2021",
		"type": "desa",
		"name": "MIRAN KELEDAR"
	},
	{
		"code": "81.05.11.2022",
		"type": "desa",
		"name": "MIRAN MANABAN"
	},
	{
		"code": "81.05.11.2023",
		"type": "desa",
		"name": "MIRAN RUMUAR"
	},
	{
		"code": "81.05.12",
		"type": "kecamatan",
		"name": "BULA BARAT"
	},
	{
		"code": "81.05.12.2001",
		"type": "desa",
		"name": "HOTE"
	},
	{
		"code": "81.05.12.2002",
		"type": "desa",
		"name": "BANGGOI"
	},
	{
		"code": "81.05.12.2003",
		"type": "desa",
		"name": "WAEMATAKABO"
	},
	{
		"code": "81.05.12.2004",
		"type": "desa",
		"name": "WAIKETAM BARU"
	},
	{
		"code": "81.05.12.2005",
		"type": "desa",
		"name": "WAISAMET"
	},
	{
		"code": "81.05.12.2006",
		"type": "desa",
		"name": "AKI JAYA"
	},
	{
		"code": "81.05.12.2007",
		"type": "desa",
		"name": "JAKARTA BARU"
	},
	{
		"code": "81.05.12.2008",
		"type": "desa",
		"name": "SILOHAN"
	},
	{
		"code": "81.05.12.2009",
		"type": "desa",
		"name": "SUMBER AGUNG"
	},
	{
		"code": "81.05.12.2010",
		"type": "desa",
		"name": "RUKUN JAYA"
	},
	{
		"code": "81.05.12.2011",
		"type": "desa",
		"name": "JEMBATAN BASAH"
	},
	{
		"code": "81.05.12.2012",
		"type": "desa",
		"name": "DREAMLAND HILLS"
	},
	{
		"code": "81.05.12.2013",
		"type": "desa",
		"name": "BANGGOI PANCORANG"
	},
	{
		"code": "81.05.13",
		"type": "kecamatan",
		"name": "KIAN DARAT"
	},
	{
		"code": "81.05.13.2001",
		"type": "desa",
		"name": "KIAN DARAT"
	},
	{
		"code": "81.05.13.2002",
		"type": "desa",
		"name": "ARTAFELA"
	},
	{
		"code": "81.05.13.2003",
		"type": "desa",
		"name": "ANGAR"
	},
	{
		"code": "81.05.13.2004",
		"type": "desa",
		"name": "WATU WATU"
	},
	{
		"code": "81.05.13.2005",
		"type": "desa",
		"name": "KELABA"
	},
	{
		"code": "81.05.13.2006",
		"type": "desa",
		"name": "KILGA KILWOUW"
	},
	{
		"code": "81.05.13.2007",
		"type": "desa",
		"name": "KILGA WATUBAU"
	},
	{
		"code": "81.05.13.2008",
		"type": "desa",
		"name": "RUMFAKAR"
	},
	{
		"code": "81.05.13.2009",
		"type": "desa",
		"name": "KILESER"
	},
	{
		"code": "81.05.13.2010",
		"type": "desa",
		"name": "RUMOGA"
	},
	{
		"code": "81.05.14",
		"type": "kecamatan",
		"name": "SIRITAUN WIDA TIMUR"
	},
	{
		"code": "81.05.14.2001",
		"type": "desa",
		"name": "KIAN LAUT"
	},
	{
		"code": "81.05.14.2002",
		"type": "desa",
		"name": "KUWAOS"
	},
	{
		"code": "81.05.14.2003",
		"type": "desa",
		"name": "SALAGOR AIR"
	},
	{
		"code": "81.05.14.2004",
		"type": "desa",
		"name": "SALAGOR KOTA"
	},
	{
		"code": "81.05.14.2005",
		"type": "desa",
		"name": "ARUAN GAUR"
	},
	{
		"code": "81.05.14.2006",
		"type": "desa",
		"name": "KETA RUMADAN"
	},
	{
		"code": "81.05.14.2007",
		"type": "desa",
		"name": "LIAN TASIK"
	},
	{
		"code": "81.05.14.2008",
		"type": "desa",
		"name": "KETA"
	},
	{
		"code": "81.05.14.2009",
		"type": "desa",
		"name": "AIR NANANG"
	},
	{
		"code": "81.05.14.2010",
		"type": "desa",
		"name": "SURU"
	},
	{
		"code": "81.05.15",
		"type": "kecamatan",
		"name": "TELUK WARU"
	},
	{
		"code": "81.05.15.2001",
		"type": "desa",
		"name": "WARU"
	},
	{
		"code": "81.05.15.2002",
		"type": "desa",
		"name": "BELLIS"
	},
	{
		"code": "81.05.15.2003",
		"type": "desa",
		"name": "DAWANG"
	},
	{
		"code": "81.05.15.2004",
		"type": "desa",
		"name": "SOLANG"
	},
	{
		"code": "81.05.15.2005",
		"type": "desa",
		"name": "KARAY"
	},
	{
		"code": "81.05.15.2006",
		"type": "desa",
		"name": "NAMA LENA"
	},
	{
		"code": "81.05.15.2007",
		"type": "desa",
		"name": "NAMA ANDAN"
	},
	{
		"code": "81.05.15.2008",
		"type": "desa",
		"name": "TUBIR WASIWANG"
	},
	{
		"code": "81.05.15.2009",
		"type": "desa",
		"name": "KAMPUNG BARU"
	},
	{
		"code": "81.05.15.2010",
		"type": "desa",
		"name": "BOINFIA"
	},
	{
		"code": "81.05.15.2011",
		"type": "desa",
		"name": "MADAK"
	},
	{
		"code": "81.06",
		"type": "kabupaten",
		"name": "KAB. SERAM BAGIAN BARAT"
	},
	{
		"code": "81.06.01",
		"type": "kecamatan",
		"name": "KAIRATU"
	},
	{
		"code": "81.06.01.2008",
		"type": "desa",
		"name": "KAMARIAN"
	},
	{
		"code": "81.06.01.2009",
		"type": "desa",
		"name": "SERUAWAN"
	},
	{
		"code": "81.06.01.2010",
		"type": "desa",
		"name": "KAIRATU"
	},
	{
		"code": "81.06.01.2011",
		"type": "desa",
		"name": "WAIMITAL"
	},
	{
		"code": "81.06.01.2012",
		"type": "desa",
		"name": "HATUSUA"
	},
	{
		"code": "81.06.01.2014",
		"type": "desa",
		"name": "WAIPIRIT"
	},
	{
		"code": "81.06.01.2015",
		"type": "desa",
		"name": "URAUR"
	},
	{
		"code": "81.06.02",
		"type": "kecamatan",
		"name": "SERAM BARAT"
	},
	{
		"code": "81.06.02.2002",
		"type": "desa",
		"name": "KAWA"
	},
	{
		"code": "81.06.02.2003",
		"type": "desa",
		"name": "PIRU"
	},
	{
		"code": "81.06.02.2004",
		"type": "desa",
		"name": "NENIARI"
	},
	{
		"code": "81.06.02.2005",
		"type": "desa",
		"name": "MOREKAU"
	},
	{
		"code": "81.06.02.2006",
		"type": "desa",
		"name": "LUMOLI"
	},
	{
		"code": "81.06.02.2007",
		"type": "desa",
		"name": "ETI"
	},
	{
		"code": "81.06.02.2008",
		"type": "desa",
		"name": "KAIBOBO"
	},
	{
		"code": "81.06.03",
		"type": "kecamatan",
		"name": "TANIWEL"
	},
	{
		"code": "81.06.03.2001",
		"type": "desa",
		"name": "MURNATEN"
	},
	{
		"code": "81.06.03.2002",
		"type": "desa",
		"name": "NIKULUKAN"
	},
	{
		"code": "81.06.03.2003",
		"type": "desa",
		"name": "NIWELEHU"
	},
	{
		"code": "81.06.03.2004",
		"type": "desa",
		"name": "NUNIALI"
	},
	{
		"code": "81.06.03.2005",
		"type": "desa",
		"name": "LISABATA"
	},
	{
		"code": "81.06.03.2006",
		"type": "desa",
		"name": "WAKOLO"
	},
	{
		"code": "81.06.03.2007",
		"type": "desa",
		"name": "PATAHUWE"
	},
	{
		"code": "81.06.03.2008",
		"type": "desa",
		"name": "TANIWEL"
	},
	{
		"code": "81.06.03.2009",
		"type": "desa",
		"name": "HULUNG"
	},
	{
		"code": "81.06.03.2010",
		"type": "desa",
		"name": "KASIEH"
	},
	{
		"code": "81.06.03.2011",
		"type": "desa",
		"name": "NUKUHAI"
	},
	{
		"code": "81.06.03.2012",
		"type": "desa",
		"name": "PASINALO"
	},
	{
		"code": "81.06.03.2028",
		"type": "desa",
		"name": "UWETH"
	},
	{
		"code": "81.06.03.2029",
		"type": "desa",
		"name": "LATURAKE"
	},
	{
		"code": "81.06.03.2030",
		"type": "desa",
		"name": "BURIA"
	},
	{
		"code": "81.06.03.2031",
		"type": "desa",
		"name": "RIRING"
	},
	{
		"code": "81.06.03.2032",
		"type": "desa",
		"name": "RUMAHSOAL"
	},
	{
		"code": "81.06.03.2033",
		"type": "desa",
		"name": "LOHIASAPALEWA"
	},
	{
		"code": "81.06.03.2034",
		"type": "desa",
		"name": "NINIARI"
	},
	{
		"code": "81.06.04",
		"type": "kecamatan",
		"name": "HUAMUAL BELAKANG"
	},
	{
		"code": "81.06.04.2001",
		"type": "desa",
		"name": "WAESALA"
	},
	{
		"code": "81.06.04.2002",
		"type": "desa",
		"name": "ALLANG ASAUDE"
	},
	{
		"code": "81.06.04.2003",
		"type": "desa",
		"name": "SOLE"
	},
	{
		"code": "81.06.04.2004",
		"type": "desa",
		"name": "TONU JAYA"
	},
	{
		"code": "81.06.04.2005",
		"type": "desa",
		"name": "TAHALUPU"
	},
	{
		"code": "81.06.04.2006",
		"type": "desa",
		"name": "BUANO UTARA"
	},
	{
		"code": "81.06.04.2007",
		"type": "desa",
		"name": "BUANO SELATAN"
	},
	{
		"code": "81.06.05",
		"type": "kecamatan",
		"name": "AMALATU"
	},
	{
		"code": "81.06.05.2001",
		"type": "desa",
		"name": "TIHULALE"
	},
	{
		"code": "81.06.05.2002",
		"type": "desa",
		"name": "RUMAHKAY"
	},
	{
		"code": "81.06.05.2003",
		"type": "desa",
		"name": "LATU"
	},
	{
		"code": "81.06.05.2004",
		"type": "desa",
		"name": "TOMALEHU"
	},
	{
		"code": "81.06.05.2005",
		"type": "desa",
		"name": "HUALOY"
	},
	{
		"code": "81.06.05.2006",
		"type": "desa",
		"name": "SERIHOLO"
	},
	{
		"code": "81.06.05.2007",
		"type": "desa",
		"name": "TALA"
	},
	{
		"code": "81.06.06",
		"type": "kecamatan",
		"name": "INAMOSOL"
	},
	{
		"code": "81.06.06.2001",
		"type": "desa",
		"name": "MANUSA"
	},
	{
		"code": "81.06.06.2002",
		"type": "desa",
		"name": "RAMBATU"
	},
	{
		"code": "81.06.06.2003",
		"type": "desa",
		"name": "RUMBERU"
	},
	{
		"code": "81.06.06.2004",
		"type": "desa",
		"name": "HONITETU"
	},
	{
		"code": "81.06.06.2005",
		"type": "desa",
		"name": "HUKUANAKOTA"
	},
	{
		"code": "81.06.07",
		"type": "kecamatan",
		"name": "KAIRATU BARAT"
	},
	{
		"code": "81.06.07.2001",
		"type": "desa",
		"name": "WAIHATU"
	},
	{
		"code": "81.06.07.2002",
		"type": "desa",
		"name": "LOHIATALA"
	},
	{
		"code": "81.06.07.2003",
		"type": "desa",
		"name": "WAISAMU"
	},
	{
		"code": "81.06.07.2004",
		"type": "desa",
		"name": "NURUWE"
	},
	{
		"code": "81.06.07.2005",
		"type": "desa",
		"name": "KAMAL"
	},
	{
		"code": "81.06.07.2006",
		"type": "desa",
		"name": "WAISARISA"
	},
	{
		"code": "81.06.08",
		"type": "kecamatan",
		"name": "HUAMUAL"
	},
	{
		"code": "81.06.08.2001",
		"type": "desa",
		"name": "ARIATE"
	},
	{
		"code": "81.06.08.2002",
		"type": "desa",
		"name": "LOKKI"
	},
	{
		"code": "81.06.08.2003",
		"type": "desa",
		"name": "LUHU"
	},
	{
		"code": "81.06.08.2004",
		"type": "desa",
		"name": "IHA"
	},
	{
		"code": "81.06.08.2005",
		"type": "desa",
		"name": "KULUR"
	},
	{
		"code": "81.06.09",
		"type": "kecamatan",
		"name": "KEPULAUAN MANIPA"
	},
	{
		"code": "81.06.09.2001",
		"type": "desa",
		"name": "LUHUTUBAN"
	},
	{
		"code": "81.06.09.2002",
		"type": "desa",
		"name": "MASAWOY"
	},
	{
		"code": "81.06.09.2003",
		"type": "desa",
		"name": "TUNIWARA"
	},
	{
		"code": "81.06.09.2004",
		"type": "desa",
		"name": "KELANG ASAUDE"
	},
	{
		"code": "81.06.09.2005",
		"type": "desa",
		"name": "TOMALEHU BARAT"
	},
	{
		"code": "81.06.09.2006",
		"type": "desa",
		"name": "TOMALEHU TIMUR"
	},
	{
		"code": "81.06.09.2007",
		"type": "desa",
		"name": "BUANO HATUPUTIH"
	},
	{
		"code": "81.06.10",
		"type": "kecamatan",
		"name": "TANIWEL TIMUR"
	},
	{
		"code": "81.06.10.2001",
		"type": "desa",
		"name": "SOHUWE"
	},
	{
		"code": "81.06.10.2002",
		"type": "desa",
		"name": "MALOANG"
	},
	{
		"code": "81.06.10.2003",
		"type": "desa",
		"name": "LUMAHLATAL"
	},
	{
		"code": "81.06.10.2004",
		"type": "desa",
		"name": "MATAPA"
	},
	{
		"code": "81.06.10.2005",
		"type": "desa",
		"name": "SEAKASALE"
	},
	{
		"code": "81.06.10.2006",
		"type": "desa",
		"name": "MAKUBUBUI"
	},
	{
		"code": "81.06.10.2007",
		"type": "desa",
		"name": "SUKARAJA"
	},
	{
		"code": "81.06.10.2008",
		"type": "desa",
		"name": "UWEN PANTAI"
	},
	{
		"code": "81.06.10.2009",
		"type": "desa",
		"name": "TOUNUSA"
	},
	{
		"code": "81.06.10.2010",
		"type": "desa",
		"name": "MUSIHUWEY"
	},
	{
		"code": "81.06.10.2011",
		"type": "desa",
		"name": "SOLEA"
	},
	{
		"code": "81.06.10.2012",
		"type": "desa",
		"name": "WARALOIN"
	},
	{
		"code": "81.06.10.2013",
		"type": "desa",
		"name": "WALAKONE"
	},
	{
		"code": "81.06.10.2014",
		"type": "desa",
		"name": "HATUNURU"
	},
	{
		"code": "81.06.10.2015",
		"type": "desa",
		"name": "LUMAHPELU"
	},
	{
		"code": "81.06.11",
		"type": "kecamatan",
		"name": "ELPAPUTIH"
	},
	{
		"code": "81.06.11.2002",
		"type": "desa",
		"name": "SANAHU"
	},
	{
		"code": "81.06.11.2003",
		"type": "desa",
		"name": "WASIA"
	},
	{
		"code": "81.06.11.2004",
		"type": "desa",
		"name": "SUMEITH PASINARO"
	},
	{
		"code": "81.06.11.2005",
		"type": "desa",
		"name": "WATUI"
	},
	{
		"code": "81.06.11.2006",
		"type": "desa",
		"name": "ABIO AHIOLO"
	},
	{
		"code": "81.06.11.2007",
		"type": "desa",
		"name": "HUKU KECIL"
	},
	{
		"code": "81.06.11.2008",
		"type": "desa",
		"name": "ELPAPUTIH"
	},
	{
		"code": "81.07",
		"type": "kabupaten",
		"name": "KAB. KEPULAUAN ARU"
	},
	{
		"code": "81.07.01",
		"type": "kecamatan",
		"name": "PULAU-PULAU ARU"
	},
	{
		"code": "81.07.01.1012",
		"type": "kelurahan",
		"name": "GALAI DUBU"
	},
	{
		"code": "81.07.01.1013",
		"type": "kelurahan",
		"name": "SIWA LIMA"
	},
	{
		"code": "81.07.01.2001",
		"type": "desa",
		"name": "UJIR"
	},
	{
		"code": "81.07.01.2002",
		"type": "desa",
		"name": "NAFAR"
	},
	{
		"code": "81.07.01.2003",
		"type": "desa",
		"name": "KOBRAUR"
	},
	{
		"code": "81.07.01.2004",
		"type": "desa",
		"name": "LAU-LAU"
	},
	{
		"code": "81.07.01.2005",
		"type": "desa",
		"name": "GORAR"
	},
	{
		"code": "81.07.01.2006",
		"type": "desa",
		"name": "TUNGU"
	},
	{
		"code": "81.07.01.2007",
		"type": "desa",
		"name": "TUNGUWATU"
	},
	{
		"code": "81.07.01.2008",
		"type": "desa",
		"name": "JABULENGA"
	},
	{
		"code": "81.07.01.2009",
		"type": "desa",
		"name": "WOKAM"
	},
	{
		"code": "81.07.01.2010",
		"type": "desa",
		"name": "KARANGGULI"
	},
	{
		"code": "81.07.01.2011",
		"type": "desa",
		"name": "DURJELA"
	},
	{
		"code": "81.07.01.2014",
		"type": "desa",
		"name": "WANGEL"
	},
	{
		"code": "81.07.01.2015",
		"type": "desa",
		"name": "SAMANG"
	},
	{
		"code": "81.07.02",
		"type": "kecamatan",
		"name": "ARU SELATAN"
	},
	{
		"code": "81.07.02.2001",
		"type": "desa",
		"name": "JEROL"
	},
	{
		"code": "81.07.02.2002",
		"type": "desa",
		"name": "MARFENFEN"
	},
	{
		"code": "81.07.02.2003",
		"type": "desa",
		"name": "KABALUKIN"
	},
	{
		"code": "81.07.02.2004",
		"type": "desa",
		"name": "KALAR-KALAR"
	},
	{
		"code": "81.07.02.2005",
		"type": "desa",
		"name": "FERUNI"
	},
	{
		"code": "81.07.02.2006",
		"type": "desa",
		"name": "NGAIGULI"
	},
	{
		"code": "81.07.02.2007",
		"type": "desa",
		"name": "FATURAL"
	},
	{
		"code": "81.07.02.2008",
		"type": "desa",
		"name": "NGAIBOR"
	},
	{
		"code": "81.07.02.2010",
		"type": "desa",
		"name": "POPJETUR"
	},
	{
		"code": "81.07.02.2026",
		"type": "desa",
		"name": "LOR-LOR"
	},
	{
		"code": "81.07.02.2027",
		"type": "desa",
		"name": "GAIMAR"
	},
	{
		"code": "81.07.02.2028",
		"type": "desa",
		"name": "LAININIR"
	},
	{
		"code": "81.07.02.2029",
		"type": "desa",
		"name": "DOKA BARAT"
	},
	{
		"code": "81.07.02.2030",
		"type": "desa",
		"name": "DOKA TIMUR"
	},
	{
		"code": "81.07.02.2031",
		"type": "desa",
		"name": "JELIA"
	},
	{
		"code": "81.07.03",
		"type": "kecamatan",
		"name": "ARU TENGAH"
	},
	{
		"code": "81.07.03.2001",
		"type": "desa",
		"name": "BENJINA"
	},
	{
		"code": "81.07.03.2003",
		"type": "desa",
		"name": "GARDAKAU"
	},
	{
		"code": "81.07.03.2004",
		"type": "desa",
		"name": "IRLOY"
	},
	{
		"code": "81.07.03.2005",
		"type": "desa",
		"name": "ALGADANG"
	},
	{
		"code": "81.07.03.2006",
		"type": "desa",
		"name": "LORANG"
	},
	{
		"code": "81.07.03.2007",
		"type": "desa",
		"name": "MURAI"
	},
	{
		"code": "81.07.03.2008",
		"type": "desa",
		"name": "MANJAU"
	},
	{
		"code": "81.07.03.2009",
		"type": "desa",
		"name": "KWARBOLA"
	},
	{
		"code": "81.07.03.2028",
		"type": "desa",
		"name": "KOBADANGAR"
	},
	{
		"code": "81.07.03.2029",
		"type": "desa",
		"name": "KOBASEL FARA"
	},
	{
		"code": "81.07.03.2030",
		"type": "desa",
		"name": "KOBASEL TIMUR"
	},
	{
		"code": "81.07.03.2031",
		"type": "desa",
		"name": "FATLABATA"
	},
	{
		"code": "81.07.03.2033",
		"type": "desa",
		"name": "WAKUA"
	},
	{
		"code": "81.07.03.2034",
		"type": "desa",
		"name": "JIRLAY"
	},
	{
		"code": "81.07.03.2035",
		"type": "desa",
		"name": "MARIRIMAR"
	},
	{
		"code": "81.07.03.2036",
		"type": "desa",
		"name": "PAPAKULA"
	},
	{
		"code": "81.07.03.2037",
		"type": "desa",
		"name": "TANAH MIRING"
	},
	{
		"code": "81.07.03.2038",
		"type": "desa",
		"name": "GULILI"
	},
	{
		"code": "81.07.03.2039",
		"type": "desa",
		"name": "NAMARA"
	},
	{
		"code": "81.07.03.2040",
		"type": "desa",
		"name": "SELILAU"
	},
	{
		"code": "81.07.03.2043",
		"type": "desa",
		"name": "MAIJURING"
	},
	{
		"code": "81.07.03.2045",
		"type": "desa",
		"name": "SELIBATA-BATA"
	},
	{
		"code": "81.07.04",
		"type": "kecamatan",
		"name": "ARU UTARA"
	},
	{
		"code": "81.07.04.2001",
		"type": "desa",
		"name": "MARLASI"
	},
	{
		"code": "81.07.04.2002",
		"type": "desa",
		"name": "KOLAMAR"
	},
	{
		"code": "81.07.04.2003",
		"type": "desa",
		"name": "KABUFIN"
	},
	{
		"code": "81.07.04.2004",
		"type": "desa",
		"name": "TASINWAHA"
	},
	{
		"code": "81.07.04.2005",
		"type": "desa",
		"name": "FOKET"
	},
	{
		"code": "81.07.04.2006",
		"type": "desa",
		"name": "KAIBOLAFIN"
	},
	{
		"code": "81.07.04.2007",
		"type": "desa",
		"name": "WAHANGULA-NGULA"
	},
	{
		"code": "81.07.04.2008",
		"type": "desa",
		"name": "WAHAYUM"
	},
	{
		"code": "81.07.04.2009",
		"type": "desa",
		"name": "WARIALAU"
	},
	{
		"code": "81.07.04.2010",
		"type": "desa",
		"name": "JERWATU"
	},
	{
		"code": "81.07.04.2013",
		"type": "desa",
		"name": "SELMONA"
	},
	{
		"code": "81.07.04.2014",
		"type": "desa",
		"name": "MESIDANG"
	},
	{
		"code": "81.07.05",
		"type": "kecamatan",
		"name": "ARU UTARA TIMUR BATULEY"
	},
	{
		"code": "81.07.05.2001",
		"type": "desa",
		"name": "KABALSIANG"
	},
	{
		"code": "81.07.05.2002",
		"type": "desa",
		"name": "BENJURING"
	},
	{
		"code": "81.07.05.2003",
		"type": "desa",
		"name": "BATULEY"
	},
	{
		"code": "81.07.05.2004",
		"type": "desa",
		"name": "KUMUL"
	},
	{
		"code": "81.07.05.2005",
		"type": "desa",
		"name": "WARIA"
	},
	{
		"code": "81.07.05.2006",
		"type": "desa",
		"name": "SEWER"
	},
	{
		"code": "81.07.05.2007",
		"type": "desa",
		"name": "JURSIANG"
	},
	{
		"code": "81.07.05.2008",
		"type": "desa",
		"name": "KOMPANE"
	},
	{
		"code": "81.07.05.2009",
		"type": "desa",
		"name": "KOBAMAR"
	},
	{
		"code": "81.07.06",
		"type": "kecamatan",
		"name": "SIR-SIR"
	},
	{
		"code": "81.07.06.2002",
		"type": "desa",
		"name": "WAIFUAL"
	},
	{
		"code": "81.07.06.2003",
		"type": "desa",
		"name": "WAFAN"
	},
	{
		"code": "81.07.06.2004",
		"type": "desa",
		"name": "LANGHALAU"
	},
	{
		"code": "81.07.06.2005",
		"type": "desa",
		"name": "GOMSEY"
	},
	{
		"code": "81.07.06.2006",
		"type": "desa",
		"name": "LEITING"
	},
	{
		"code": "81.07.06.2007",
		"type": "desa",
		"name": "BARDEFAN"
	},
	{
		"code": "81.07.06.2008",
		"type": "desa",
		"name": "MOHONGSEL"
	},
	{
		"code": "81.07.06.2009",
		"type": "desa",
		"name": "KOLAHA"
	},
	{
		"code": "81.07.06.2010",
		"type": "desa",
		"name": "GODA-GODA"
	},
	{
		"code": "81.07.07",
		"type": "kecamatan",
		"name": "ARU TENGAH TIMUR"
	},
	{
		"code": "81.07.07.2001",
		"type": "desa",
		"name": "KOIJABI"
	},
	{
		"code": "81.07.07.2002",
		"type": "desa",
		"name": "BALATAN"
	},
	{
		"code": "81.07.07.2003",
		"type": "desa",
		"name": "WARLOY"
	},
	{
		"code": "81.07.07.2004",
		"type": "desa",
		"name": "WARJUKUR"
	},
	{
		"code": "81.07.07.2005",
		"type": "desa",
		"name": "KOBROR"
	},
	{
		"code": "81.07.07.2006",
		"type": "desa",
		"name": "BASADA"
	},
	{
		"code": "81.07.07.2007",
		"type": "desa",
		"name": "WAILAY"
	},
	{
		"code": "81.07.07.2008",
		"type": "desa",
		"name": "KAIWABAR"
	},
	{
		"code": "81.07.07.2009",
		"type": "desa",
		"name": "PONOM"
	},
	{
		"code": "81.07.07.2010",
		"type": "desa",
		"name": "LOLA"
	},
	{
		"code": "81.07.07.2011",
		"type": "desa",
		"name": "MARIRI"
	},
	{
		"code": "81.07.07.2012",
		"type": "desa",
		"name": "DOSINAMALAU"
	},
	{
		"code": "81.07.07.2013",
		"type": "desa",
		"name": "KARAWAI"
	},
	{
		"code": "81.07.08",
		"type": "kecamatan",
		"name": "ARU TENGAH SELATAN"
	},
	{
		"code": "81.07.08.2001",
		"type": "desa",
		"name": "LONGGAR"
	},
	{
		"code": "81.07.08.2002",
		"type": "desa",
		"name": "APARA"
	},
	{
		"code": "81.07.08.2003",
		"type": "desa",
		"name": "BEMUN"
	},
	{
		"code": "81.07.08.2004",
		"type": "desa",
		"name": "MESIANG"
	},
	{
		"code": "81.07.08.2005",
		"type": "desa",
		"name": "GOMO-GOMO"
	},
	{
		"code": "81.07.08.2006",
		"type": "desa",
		"name": "JAMBU AIR"
	},
	{
		"code": "81.07.08.2007",
		"type": "desa",
		"name": "WARABAL"
	},
	{
		"code": "81.07.09",
		"type": "kecamatan",
		"name": "ARU SELATAN TIMUR"
	},
	{
		"code": "81.07.09.2001",
		"type": "desa",
		"name": "MEROR"
	},
	{
		"code": "81.07.09.2002",
		"type": "desa",
		"name": "DOSIMAR"
	},
	{
		"code": "81.07.09.2003",
		"type": "desa",
		"name": "BATUGOYANG"
	},
	{
		"code": "81.07.09.2004",
		"type": "desa",
		"name": "SALAREM"
	},
	{
		"code": "81.07.09.2005",
		"type": "desa",
		"name": "SIYA"
	},
	{
		"code": "81.07.09.2006",
		"type": "desa",
		"name": "BELTUBUR"
	},
	{
		"code": "81.07.09.2007",
		"type": "desa",
		"name": "KAREY"
	},
	{
		"code": "81.07.09.2008",
		"type": "desa",
		"name": "JORANG"
	},
	{
		"code": "81.07.09.2009",
		"type": "desa",
		"name": "GOMAR SUNGAI"
	},
	{
		"code": "81.07.09.2010",
		"type": "desa",
		"name": "GOMAR METI"
	},
	{
		"code": "81.07.10",
		"type": "kecamatan",
		"name": "ARU SELATAN UTARA"
	},
	{
		"code": "81.07.10.2001",
		"type": "desa",
		"name": "TABARFANE"
	},
	{
		"code": "81.07.10.2002",
		"type": "desa",
		"name": "REBI"
	},
	{
		"code": "81.07.10.2003",
		"type": "desa",
		"name": "LUTUR"
	},
	{
		"code": "81.07.10.2004",
		"type": "desa",
		"name": "HOKMAR"
	},
	{
		"code": "81.07.10.2005",
		"type": "desa",
		"name": "JURING"
	},
	{
		"code": "81.07.10.2006",
		"type": "desa",
		"name": "ERERSIN"
	},
	{
		"code": "81.07.10.2007",
		"type": "desa",
		"name": "MAEKOR"
	},
	{
		"code": "81.08",
		"type": "kabupaten",
		"name": "KAB. MALUKU BARAT DAYA"
	},
	{
		"code": "81.08.01",
		"type": "kecamatan",
		"name": "MOA LAKOR"
	},
	{
		"code": "81.08.01.1001",
		"type": "kelurahan",
		"name": "TIAKUR"
	},
	{
		"code": "81.08.01.2001",
		"type": "desa",
		"name": "KLIS"
	},
	{
		"code": "81.08.01.2002",
		"type": "desa",
		"name": "PATTI"
	},
	{
		"code": "81.08.01.2003",
		"type": "desa",
		"name": "WAKARLELI"
	},
	{
		"code": "81.08.01.2004",
		"type": "desa",
		"name": "KAIWATU"
	},
	{
		"code": "81.08.01.2005",
		"type": "desa",
		"name": "WERWARU"
	},
	{
		"code": "81.08.01.2006",
		"type": "desa",
		"name": "TOUNWAWAN"
	},
	{
		"code": "81.08.01.2007",
		"type": "desa",
		"name": "MOAIN"
	},
	{
		"code": "81.08.02",
		"type": "kecamatan",
		"name": "DAMER"
	},
	{
		"code": "81.08.02.2001",
		"type": "desa",
		"name": "WULUR"
	},
	{
		"code": "81.08.02.2002",
		"type": "desa",
		"name": "BATU MERAH"
	},
	{
		"code": "81.08.02.2003",
		"type": "desa",
		"name": "KUAIMELU"
	},
	{
		"code": "81.08.02.2004",
		"type": "desa",
		"name": "KUMUR"
	},
	{
		"code": "81.08.02.2005",
		"type": "desa",
		"name": "BEBAR TIMUR"
	},
	{
		"code": "81.08.02.2006",
		"type": "desa",
		"name": "ILIH"
	},
	{
		"code": "81.08.02.2007",
		"type": "desa",
		"name": "KEHLI"
	},
	{
		"code": "81.08.03",
		"type": "kecamatan",
		"name": "MNDONA HIERA"
	},
	{
		"code": "81.08.03.2001",
		"type": "desa",
		"name": "LUANG BARAT"
	},
	{
		"code": "81.08.03.2002",
		"type": "desa",
		"name": "LUANG TIMUR"
	},
	{
		"code": "81.08.03.2003",
		"type": "desa",
		"name": "ELO"
	},
	{
		"code": "81.08.03.2004",
		"type": "desa",
		"name": "RUMKISAR"
	},
	{
		"code": "81.08.03.2005",
		"type": "desa",
		"name": "LELANG"
	},
	{
		"code": "81.08.03.2006",
		"type": "desa",
		"name": "MAHALETA"
	},
	{
		"code": "81.08.03.2007",
		"type": "desa",
		"name": "ROMDARA"
	},
	{
		"code": "81.08.03.2008",
		"type": "desa",
		"name": "ROTNAMA"
	},
	{
		"code": "81.08.03.2009",
		"type": "desa",
		"name": "BATUGAJAH"
	},
	{
		"code": "81.08.03.2010",
		"type": "desa",
		"name": "PUPLIORA"
	},
	{
		"code": "81.08.03.2011",
		"type": "desa",
		"name": "REGOHA"
	},
	{
		"code": "81.08.04",
		"type": "kecamatan",
		"name": "PULAU-PULAU BABAR"
	},
	{
		"code": "81.08.04.2001",
		"type": "desa",
		"name": "TEPA"
	},
	{
		"code": "81.08.04.2002",
		"type": "desa",
		"name": "IMROING"
	},
	{
		"code": "81.08.04.2003",
		"type": "desa",
		"name": "TELA"
	},
	{
		"code": "81.08.04.2004",
		"type": "desa",
		"name": "YALTUBUNG"
	},
	{
		"code": "81.08.04.2005",
		"type": "desa",
		"name": "WANUWUI"
	},
	{
		"code": "81.08.04.2006",
		"type": "desa",
		"name": "LETSIARA"
	},
	{
		"code": "81.08.04.2015",
		"type": "desa",
		"name": "LEWAH"
	},
	{
		"code": "81.08.04.2016",
		"type": "desa",
		"name": "HERTUTI"
	},
	{
		"code": "81.08.04.2017",
		"type": "desa",
		"name": "SINAIRUSI"
	},
	{
		"code": "81.08.05",
		"type": "kecamatan",
		"name": "PULAU-PULAU BABAR TIMUR"
	},
	{
		"code": "81.08.05.2001",
		"type": "desa",
		"name": "LETWURUNG"
	},
	{
		"code": "81.08.05.2002",
		"type": "desa",
		"name": "YATOKE"
	},
	{
		"code": "81.08.05.2003",
		"type": "desa",
		"name": "KROING"
	},
	{
		"code": "81.08.05.2004",
		"type": "desa",
		"name": "NAKARHAMTO"
	},
	{
		"code": "81.08.05.2005",
		"type": "desa",
		"name": "EMPLAWAS"
	},
	{
		"code": "81.08.05.2006",
		"type": "desa",
		"name": "KOKWARI"
	},
	{
		"code": "81.08.05.2007",
		"type": "desa",
		"name": "AHANARI"
	},
	{
		"code": "81.08.05.2008",
		"type": "desa",
		"name": "WAKPAPAPI"
	},
	{
		"code": "81.08.05.2009",
		"type": "desa",
		"name": "ANALUTUR"
	},
	{
		"code": "81.08.05.2010",
		"type": "desa",
		"name": "MANUWERI"
	},
	{
		"code": "81.08.05.2011",
		"type": "desa",
		"name": "TUTUWAWANG"
	},
	{
		"code": "81.08.06",
		"type": "kecamatan",
		"name": "WETAR"
	},
	{
		"code": "81.08.06.2001",
		"type": "desa",
		"name": "ILWAKI"
	},
	{
		"code": "81.08.06.2002",
		"type": "desa",
		"name": "ILPUTIH"
	},
	{
		"code": "81.08.06.2003",
		"type": "desa",
		"name": "MAHUAN"
	},
	{
		"code": "81.08.06.2004",
		"type": "desa",
		"name": "MASAPUN"
	},
	{
		"code": "81.08.06.2021",
		"type": "desa",
		"name": "AMAU"
	},
	{
		"code": "81.08.06.2023",
		"type": "desa",
		"name": "HIAY"
	},
	{
		"code": "81.08.07",
		"type": "kecamatan",
		"name": "PULAU-PULAU TERSELATAN"
	},
	{
		"code": "81.08.07.2001",
		"type": "desa",
		"name": "WONRELI"
	},
	{
		"code": "81.08.07.2002",
		"type": "desa",
		"name": "LEKLOOR"
	},
	{
		"code": "81.08.07.2003",
		"type": "desa",
		"name": "KOTA LAMA"
	},
	{
		"code": "81.08.07.2004",
		"type": "desa",
		"name": "ABUSUR"
	},
	{
		"code": "81.08.07.2005",
		"type": "desa",
		"name": "OIRATA TIMUR"
	},
	{
		"code": "81.08.07.2006",
		"type": "desa",
		"name": "OIRATA BARAT"
	},
	{
		"code": "81.08.08",
		"type": "kecamatan",
		"name": "PULAU LETI"
	},
	{
		"code": "81.08.08.2001",
		"type": "desa",
		"name": "LAITUTUN"
	},
	{
		"code": "81.08.08.2002",
		"type": "desa",
		"name": "BATUMIAU"
	},
	{
		"code": "81.08.08.2003",
		"type": "desa",
		"name": "TUTUKEY"
	},
	{
		"code": "81.08.08.2004",
		"type": "desa",
		"name": "TOMRA"
	},
	{
		"code": "81.08.08.2005",
		"type": "desa",
		"name": "NUWEWANG"
	},
	{
		"code": "81.08.08.2006",
		"type": "desa",
		"name": "TUTUWARU"
	},
	{
		"code": "81.08.08.2007",
		"type": "desa",
		"name": "LUHUELY"
	},
	{
		"code": "81.08.09",
		"type": "kecamatan",
		"name": "PULAU MASELA"
	},
	{
		"code": "81.08.09.2001",
		"type": "desa",
		"name": "LATALOLA BESAR"
	},
	{
		"code": "81.08.09.2002",
		"type": "desa",
		"name": "SERILI"
	},
	{
		"code": "81.08.09.2003",
		"type": "desa",
		"name": "LATALOLA KECIL"
	},
	{
		"code": "81.08.09.2004",
		"type": "desa",
		"name": "TELALORA"
	},
	{
		"code": "81.08.09.2005",
		"type": "desa",
		"name": "MARSELA"
	},
	{
		"code": "81.08.09.2006",
		"type": "desa",
		"name": "BABIOTANG"
	},
	{
		"code": "81.08.09.2007",
		"type": "desa",
		"name": "IBLATMUNTAH"
	},
	{
		"code": "81.08.09.2008",
		"type": "desa",
		"name": "ILBUTUNG"
	},
	{
		"code": "81.08.09.2009",
		"type": "desa",
		"name": "LAWAWANG"
	},
	{
		"code": "81.08.09.2010",
		"type": "desa",
		"name": "NURA"
	},
	{
		"code": "81.08.09.2011",
		"type": "desa",
		"name": "BULULORA"
	},
	{
		"code": "81.08.10",
		"type": "kecamatan",
		"name": "DAWELOR DAWERA"
	},
	{
		"code": "81.08.10.2001",
		"type": "desa",
		"name": "WATUWEI"
	},
	{
		"code": "81.08.10.2002",
		"type": "desa",
		"name": "ILMARANG"
	},
	{
		"code": "81.08.10.2003",
		"type": "desa",
		"name": "LETMASA"
	},
	{
		"code": "81.08.10.2004",
		"type": "desa",
		"name": "WELORA"
	},
	{
		"code": "81.08.10.2005",
		"type": "desa",
		"name": "WIRATAN"
	},
	{
		"code": "81.08.10.2006",
		"type": "desa",
		"name": "NURNYAMAN"
	},
	{
		"code": "81.08.11",
		"type": "kecamatan",
		"name": "PULAU WETANG"
	},
	{
		"code": "81.08.11.2001",
		"type": "desa",
		"name": "HERLEY"
	},
	{
		"code": "81.08.11.2002",
		"type": "desa",
		"name": "UPUHUPUN"
	},
	{
		"code": "81.08.11.2003",
		"type": "desa",
		"name": "POTA BESAR"
	},
	{
		"code": "81.08.11.2004",
		"type": "desa",
		"name": "POTA KECIL"
	},
	{
		"code": "81.08.11.2005",
		"type": "desa",
		"name": "WASARILI"
	},
	{
		"code": "81.08.11.2006",
		"type": "desa",
		"name": "RUMAHLEWANG KECIL"
	},
	{
		"code": "81.08.11.2007",
		"type": "desa",
		"name": "RUMAHLEWANG BESAR"
	},
	{
		"code": "81.08.11.2008",
		"type": "desa",
		"name": "NUSIATA"
	},
	{
		"code": "81.08.12",
		"type": "kecamatan",
		"name": "PULAU LAKOR"
	},
	{
		"code": "81.08.12.2001",
		"type": "desa",
		"name": "KETTY"
	},
	{
		"code": "81.08.12.2002",
		"type": "desa",
		"name": "LETODA"
	},
	{
		"code": "81.08.12.2003",
		"type": "desa",
		"name": "SERA"
	},
	{
		"code": "81.08.12.2004",
		"type": "desa",
		"name": "YAMLULI"
	},
	{
		"code": "81.08.12.2005",
		"type": "desa",
		"name": "LOLOTUARA"
	},
	{
		"code": "81.08.13",
		"type": "kecamatan",
		"name": "WETAR UTARA"
	},
	{
		"code": "81.08.13.2001",
		"type": "desa",
		"name": "NABAR"
	},
	{
		"code": "81.08.13.2002",
		"type": "desa",
		"name": "ELSULITH"
	},
	{
		"code": "81.08.13.2003",
		"type": "desa",
		"name": "NAUMATANG"
	},
	{
		"code": "81.08.13.2004",
		"type": "desa",
		"name": "LURANG"
	},
	{
		"code": "81.08.13.2005",
		"type": "desa",
		"name": "UHAK"
	},
	{
		"code": "81.08.13.2006",
		"type": "desa",
		"name": "ERAY"
	},
	{
		"code": "81.08.14",
		"type": "kecamatan",
		"name": "WETAR BARAT"
	},
	{
		"code": "81.08.14.2001",
		"type": "desa",
		"name": "TELEMAR"
	},
	{
		"code": "81.08.14.2002",
		"type": "desa",
		"name": "KARBUBU"
	},
	{
		"code": "81.08.14.2003",
		"type": "desa",
		"name": "USTUTUN"
	},
	{
		"code": "81.08.14.2004",
		"type": "desa",
		"name": "KLISHATU"
	},
	{
		"code": "81.08.14.2005",
		"type": "desa",
		"name": "ILMAMAU"
	},
	{
		"code": "81.08.15",
		"type": "kecamatan",
		"name": "WETAR TIMUR"
	},
	{
		"code": "81.08.15.2001",
		"type": "desa",
		"name": "MONING"
	},
	{
		"code": "81.08.15.2002",
		"type": "desa",
		"name": "ARWALA"
	},
	{
		"code": "81.08.15.2003",
		"type": "desa",
		"name": "ILWAY"
	},
	{
		"code": "81.08.15.2004",
		"type": "desa",
		"name": "KAHILIN"
	},
	{
		"code": "81.08.15.2005",
		"type": "desa",
		"name": "ILPOKIL"
	},
	{
		"code": "81.08.15.2006",
		"type": "desa",
		"name": "TOMLIAPAT"
	},
	{
		"code": "81.08.16",
		"type": "kecamatan",
		"name": "KEPULAUAN ROMANG"
	},
	{
		"code": "81.08.16.2001",
		"type": "desa",
		"name": "HILA"
	},
	{
		"code": "81.08.16.2002",
		"type": "desa",
		"name": "JERUSU"
	},
	{
		"code": "81.08.16.2003",
		"type": "desa",
		"name": "SOLATH"
	},
	{
		"code": "81.08.17",
		"type": "kecamatan",
		"name": "KISAR UTARA"
	},
	{
		"code": "81.08.17.2001",
		"type": "desa",
		"name": "PURPURA"
	},
	{
		"code": "81.08.17.2002",
		"type": "desa",
		"name": "NOMAHA"
	},
	{
		"code": "81.08.17.2003",
		"type": "desa",
		"name": "LABELAU"
	},
	{
		"code": "81.09",
		"type": "kabupaten",
		"name": "KAB. BURU SELATAN"
	},
	{
		"code": "81.09.01",
		"type": "kecamatan",
		"name": "NAMROLE"
	},
	{
		"code": "81.09.01.2001",
		"type": "desa",
		"name": "WAMKANA"
	},
	{
		"code": "81.09.01.2002",
		"type": "desa",
		"name": "WAENALUT"
	},
	{
		"code": "81.09.01.2003",
		"type": "desa",
		"name": "LEKTAMA"
	},
	{
		"code": "81.09.01.2004",
		"type": "desa",
		"name": "FATMITE"
	},
	{
		"code": "81.09.01.2005",
		"type": "desa",
		"name": "ELFULE"
	},
	{
		"code": "81.09.01.2006",
		"type": "desa",
		"name": "LEKU"
	},
	{
		"code": "81.09.01.2007",
		"type": "desa",
		"name": "OKI BARU"
	},
	{
		"code": "81.09.01.2008",
		"type": "desa",
		"name": "OKI LAMA"
	},
	{
		"code": "81.09.01.2009",
		"type": "desa",
		"name": "LABUANG"
	},
	{
		"code": "81.09.01.2010",
		"type": "desa",
		"name": "WALI"
	},
	{
		"code": "81.09.01.2011",
		"type": "desa",
		"name": "TIKBARY"
	},
	{
		"code": "81.09.01.2012",
		"type": "desa",
		"name": "MASNANA"
	},
	{
		"code": "81.09.01.2013",
		"type": "desa",
		"name": "KAMLANGLALE"
	},
	{
		"code": "81.09.01.2014",
		"type": "desa",
		"name": "WAENONO"
	},
	{
		"code": "81.09.01.2015",
		"type": "desa",
		"name": "NAMRINAT"
	},
	{
		"code": "81.09.01.2016",
		"type": "desa",
		"name": "WAEFUSI"
	},
	{
		"code": "81.09.01.2017",
		"type": "desa",
		"name": "BATU TULIS"
	},
	{
		"code": "81.09.02",
		"type": "kecamatan",
		"name": "WAESAMA"
	},
	{
		"code": "81.09.02.2001",
		"type": "desa",
		"name": "WAETAWA"
	},
	{
		"code": "81.09.02.2002",
		"type": "desa",
		"name": "WAESILI"
	},
	{
		"code": "81.09.02.2003",
		"type": "desa",
		"name": "LENA"
	},
	{
		"code": "81.09.02.2004",
		"type": "desa",
		"name": "SIMI"
	},
	{
		"code": "81.09.02.2005",
		"type": "desa",
		"name": "WAELIKUT"
	},
	{
		"code": "81.09.02.2006",
		"type": "desa",
		"name": "WAMSISI"
	},
	{
		"code": "81.09.02.2007",
		"type": "desa",
		"name": "POHON BATU"
	},
	{
		"code": "81.09.02.2008",
		"type": "desa",
		"name": "WAETEBA"
	},
	{
		"code": "81.09.02.2009",
		"type": "desa",
		"name": "HOTE"
	},
	{
		"code": "81.09.02.2010",
		"type": "desa",
		"name": "WAEMASING"
	},
	{
		"code": "81.09.02.2011",
		"type": "desa",
		"name": "BATU KASA"
	},
	{
		"code": "81.09.03",
		"type": "kecamatan",
		"name": "AMBALAU"
	},
	{
		"code": "81.09.03.2001",
		"type": "desa",
		"name": "LUMOY"
	},
	{
		"code": "81.09.03.2002",
		"type": "desa",
		"name": "MASAWOY"
	},
	{
		"code": "81.09.03.2003",
		"type": "desa",
		"name": "ULIMA"
	},
	{
		"code": "81.09.03.2004",
		"type": "desa",
		"name": "KAMPUNG BARU"
	},
	{
		"code": "81.09.03.2005",
		"type": "desa",
		"name": "SIWAR"
	},
	{
		"code": "81.09.03.2006",
		"type": "desa",
		"name": "SELASI"
	},
	{
		"code": "81.09.03.2007",
		"type": "desa",
		"name": "ELARA"
	},
	{
		"code": "81.09.04",
		"type": "kecamatan",
		"name": "KEPALA MADAN"
	},
	{
		"code": "81.09.04.2001",
		"type": "desa",
		"name": "BALPETU"
	},
	{
		"code": "81.09.04.2002",
		"type": "desa",
		"name": "WAEKEKA"
	},
	{
		"code": "81.09.04.2003",
		"type": "desa",
		"name": "BILORO"
	},
	{
		"code": "81.09.04.2004",
		"type": "desa",
		"name": "NANALI"
	},
	{
		"code": "81.09.04.2005",
		"type": "desa",
		"name": "PASIR PUTIH"
	},
	{
		"code": "81.09.04.2006",
		"type": "desa",
		"name": "FOGI"
	},
	{
		"code": "81.09.04.2007",
		"type": "desa",
		"name": "WAEPANDAN"
	},
	{
		"code": "81.09.04.2008",
		"type": "desa",
		"name": "WALBELE"
	},
	{
		"code": "81.09.04.2009",
		"type": "desa",
		"name": "AIR TERNATE"
	},
	{
		"code": "81.09.04.2010",
		"type": "desa",
		"name": "SEKAT"
	},
	{
		"code": "81.09.04.2011",
		"type": "desa",
		"name": "WAEHA"
	},
	{
		"code": "81.09.04.2012",
		"type": "desa",
		"name": "BALA-BALA"
	},
	{
		"code": "81.09.04.2013",
		"type": "desa",
		"name": "BATU LAYAR"
	},
	{
		"code": "81.09.04.2014",
		"type": "desa",
		"name": "SIOPOT"
	},
	{
		"code": "81.09.04.2015",
		"type": "desa",
		"name": "EMGUHEN"
	},
	{
		"code": "81.09.05",
		"type": "kecamatan",
		"name": "LEKSULA"
	},
	{
		"code": "81.09.05.2001",
		"type": "desa",
		"name": "WAEMULANG"
	},
	{
		"code": "81.09.05.2002",
		"type": "desa",
		"name": "WAETUREN"
	},
	{
		"code": "81.09.05.2003",
		"type": "desa",
		"name": "WAEHAKA"
	},
	{
		"code": "81.09.05.2004",
		"type": "desa",
		"name": "WAEMALA"
	},
	{
		"code": "81.09.05.2005",
		"type": "desa",
		"name": "ERWIRI"
	},
	{
		"code": "81.09.05.2006",
		"type": "desa",
		"name": "TIFU"
	},
	{
		"code": "81.09.05.2007",
		"type": "desa",
		"name": "MEPA"
	},
	{
		"code": "81.09.05.2008",
		"type": "desa",
		"name": "LEKSULA"
	},
	{
		"code": "81.09.05.2009",
		"type": "desa",
		"name": "NALBESSY"
	},
	{
		"code": "81.09.05.2010",
		"type": "desa",
		"name": "KASE"
	},
	{
		"code": "81.09.05.2015",
		"type": "desa",
		"name": "NEATH"
	},
	{
		"code": "81.09.05.2016",
		"type": "desa",
		"name": "LIANG"
	},
	{
		"code": "81.09.05.2018",
		"type": "desa",
		"name": "SLEALALE"
	},
	{
		"code": "81.09.05.2023",
		"type": "desa",
		"name": "WALUNGHELAT"
	},
	{
		"code": "81.09.05.2024",
		"type": "desa",
		"name": "WAHAOLON"
	},
	{
		"code": "81.09.05.2025",
		"type": "desa",
		"name": "WEWALI"
	},
	{
		"code": "81.09.05.2026",
		"type": "desa",
		"name": "WAENAMAOLON"
	},
	{
		"code": "81.09.05.2029",
		"type": "desa",
		"name": "GRAHWAEN"
	},
	{
		"code": "81.09.05.2030",
		"type": "desa",
		"name": "TERKURI"
	},
	{
		"code": "81.09.06",
		"type": "kecamatan",
		"name": "FENA FAFAN"
	},
	{
		"code": "81.09.06.2001",
		"type": "desa",
		"name": "NUSARUA"
	},
	{
		"code": "81.09.06.2002",
		"type": "desa",
		"name": "MANGESWAEN"
	},
	{
		"code": "81.09.06.2003",
		"type": "desa",
		"name": "WAEKATIN"
	},
	{
		"code": "81.09.06.2004",
		"type": "desa",
		"name": "FAKAL"
	},
	{
		"code": "81.09.06.2005",
		"type": "desa",
		"name": "UNETH"
	},
	{
		"code": "81.09.06.2006",
		"type": "desa",
		"name": "WAEREMAN"
	},
	{
		"code": "81.09.06.2007",
		"type": "desa",
		"name": "WAELO"
	},
	{
		"code": "81.09.06.2008",
		"type": "desa",
		"name": "SIWATLAHIN"
	},
	{
		"code": "81.09.06.2009",
		"type": "desa",
		"name": "TRUKAT"
	},
	{
		"code": "81.09.06.2010",
		"type": "desa",
		"name": "WAEKEN"
	},
	{
		"code": "81.71",
		"type": "kabupaten",
		"name": "KOTA AMBON"
	},
	{
		"code": "81.71.01",
		"type": "kecamatan",
		"name": "NUSANIWE"
	},
	{
		"code": "81.71.01.1006",
		"type": "kelurahan",
		"name": "NUSANIWE"
	},
	{
		"code": "81.71.01.1007",
		"type": "kelurahan",
		"name": "WAINITU"
	},
	{
		"code": "81.71.01.1008",
		"type": "kelurahan",
		"name": "BENTENG"
	},
	{
		"code": "81.71.01.1009",
		"type": "kelurahan",
		"name": "KUDAMATI"
	},
	{
		"code": "81.71.01.1010",
		"type": "kelurahan",
		"name": "MANGGA DUA"
	},
	{
		"code": "81.71.01.1011",
		"type": "kelurahan",
		"name": "URIMESSING"
	},
	{
		"code": "81.71.01.1012",
		"type": "kelurahan",
		"name": "WAIHAONG"
	},
	{
		"code": "81.71.01.1013",
		"type": "kelurahan",
		"name": "SILALE"
	},
	{
		"code": "81.71.01.2001",
		"type": "desa",
		"name": "LATUHALAT"
	},
	{
		"code": "81.71.01.2002",
		"type": "desa",
		"name": "SEILALE"
	},
	{
		"code": "81.71.01.2003",
		"type": "desa",
		"name": "NUSANIWE"
	},
	{
		"code": "81.71.01.2004",
		"type": "desa",
		"name": "AMAHUSU"
	},
	{
		"code": "81.71.01.2005",
		"type": "desa",
		"name": "URIMESSING"
	},
	{
		"code": "81.71.02",
		"type": "kecamatan",
		"name": "SIRIMAU"
	},
	{
		"code": "81.71.02.1010",
		"type": "kelurahan",
		"name": "PANDAN KASTURI"
	},
	{
		"code": "81.71.02.1011",
		"type": "kelurahan",
		"name": "RIJALI"
	},
	{
		"code": "81.71.02.1012",
		"type": "kelurahan",
		"name": "AMANTELU"
	},
	{
		"code": "81.71.02.1013",
		"type": "kelurahan",
		"name": "KARANG PANJANG"
	},
	{
		"code": "81.71.02.1014",
		"type": "kelurahan",
		"name": "WAIHOKA"
	},
	{
		"code": "81.71.02.1015",
		"type": "kelurahan",
		"name": "BATU MEJA"
	},
	{
		"code": "81.71.02.1016",
		"type": "kelurahan",
		"name": "BATU GAJAH"
	},
	{
		"code": "81.71.02.1017",
		"type": "kelurahan",
		"name": "URITETU"
	},
	{
		"code": "81.71.02.1018",
		"type": "kelurahan",
		"name": "HONIPOPU"
	},
	{
		"code": "81.71.02.1019",
		"type": "kelurahan",
		"name": "AHUSEN"
	},
	{
		"code": "81.71.02.2001",
		"type": "desa",
		"name": "HATIVE KECIL"
	},
	{
		"code": "81.71.02.2002",
		"type": "desa",
		"name": "GALALA"
	},
	{
		"code": "81.71.02.2003",
		"type": "desa",
		"name": "BATU MERAH"
	},
	{
		"code": "81.71.02.2009",
		"type": "desa",
		"name": "SOYA"
	},
	{
		"code": "81.71.03",
		"type": "kecamatan",
		"name": "BAGUALA"
	},
	{
		"code": "81.71.03.1018",
		"type": "kelurahan",
		"name": "LATERI"
	},
	{
		"code": "81.71.03.2001",
		"type": "desa",
		"name": "PASSO"
	},
	{
		"code": "81.71.03.2002",
		"type": "desa",
		"name": "HALONG"
	},
	{
		"code": "81.71.03.2003",
		"type": "desa",
		"name": "LATTA"
	},
	{
		"code": "81.71.03.2004",
		"type": "desa",
		"name": "NEGERI LAMA"
	},
	{
		"code": "81.71.03.2005",
		"type": "desa",
		"name": "NANIA"
	},
	{
		"code": "81.71.03.2006",
		"type": "desa",
		"name": "WAIHERU"
	},
	{
		"code": "81.71.04",
		"type": "kecamatan",
		"name": "TELUK AMBON"
	},
	{
		"code": "81.71.04.1008",
		"type": "kelurahan",
		"name": "TIHU"
	},
	{
		"code": "81.71.04.2001",
		"type": "desa",
		"name": "HUNUTH/DURIAN PATAH"
	},
	{
		"code": "81.71.04.2002",
		"type": "desa",
		"name": "POKA"
	},
	{
		"code": "81.71.04.2003",
		"type": "desa",
		"name": "RUMAH TIGA"
	},
	{
		"code": "81.71.04.2004",
		"type": "desa",
		"name": "WAYAME"
	},
	{
		"code": "81.71.04.2005",
		"type": "desa",
		"name": "TAWIRI"
	},
	{
		"code": "81.71.04.2006",
		"type": "desa",
		"name": "HATIVE BESAR"
	},
	{
		"code": "81.71.04.2007",
		"type": "desa",
		"name": "LAHA"
	},
	{
		"code": "81.71.05",
		"type": "kecamatan",
		"name": "LEITIMUR SELATAN"
	},
	{
		"code": "81.71.05.2001",
		"type": "desa",
		"name": "HUKURILA"
	},
	{
		"code": "81.71.05.2002",
		"type": "desa",
		"name": "EMA"
	},
	{
		"code": "81.71.05.2003",
		"type": "desa",
		"name": "KILANG"
	},
	{
		"code": "81.71.05.2004",
		"type": "desa",
		"name": "NAKU"
	},
	{
		"code": "81.71.05.2005",
		"type": "desa",
		"name": "HATALAI"
	},
	{
		"code": "81.71.05.2006",
		"type": "desa",
		"name": "HUTUMURY"
	},
	{
		"code": "81.71.05.2007",
		"type": "desa",
		"name": "RUTONG"
	},
	{
		"code": "81.71.05.2008",
		"type": "desa",
		"name": "LEAHARI"
	},
	{
		"code": "81.72",
		"type": "kabupaten",
		"name": "KOTA TUAL"
	},
	{
		"code": "81.72.01",
		"type": "kecamatan",
		"name": "PULAU DULLAH UTARA"
	},
	{
		"code": "81.72.01.2001",
		"type": "desa",
		"name": "FIDITAN"
	},
	{
		"code": "81.72.01.2002",
		"type": "desa",
		"name": "NGADI"
	},
	{
		"code": "81.72.01.2003",
		"type": "desa",
		"name": "DULLAH"
	},
	{
		"code": "81.72.01.2004",
		"type": "desa",
		"name": "LABETAWI"
	},
	{
		"code": "81.72.01.2005",
		"type": "desa",
		"name": "TAMEDAN"
	},
	{
		"code": "81.72.01.2006",
		"type": "desa",
		"name": "OHOITAHIT"
	},
	{
		"code": "81.72.01.2007",
		"type": "desa",
		"name": "OHOITEL"
	},
	{
		"code": "81.72.01.2008",
		"type": "desa",
		"name": "DULLAH LAUT"
	},
	{
		"code": "81.72.02",
		"type": "kecamatan",
		"name": "PULAU DULLAH SELATAN"
	},
	{
		"code": "81.72.02.1003",
		"type": "kelurahan",
		"name": "KETSOBLAK"
	},
	{
		"code": "81.72.02.1004",
		"type": "kelurahan",
		"name": "MASRUM"
	},
	{
		"code": "81.72.02.1005",
		"type": "kelurahan",
		"name": "LODAR EL"
	},
	{
		"code": "81.72.02.2001",
		"type": "desa",
		"name": "TUAL"
	},
	{
		"code": "81.72.02.2002",
		"type": "desa",
		"name": "TAAR"
	},
	{
		"code": "81.72.03",
		"type": "kecamatan",
		"name": "TAYANDO TAM"
	},
	{
		"code": "81.72.03.2001",
		"type": "desa",
		"name": "TAM NGURHIR"
	},
	{
		"code": "81.72.03.2002",
		"type": "desa",
		"name": "TAYANDO LANGGIAR"
	},
	{
		"code": "81.72.03.2003",
		"type": "desa",
		"name": "TAYANDO YAMTEL"
	},
	{
		"code": "81.72.03.2004",
		"type": "desa",
		"name": "TAYANDO OHOIEL"
	},
	{
		"code": "81.72.03.2005",
		"type": "desa",
		"name": "TAYANDO YAMRU"
	},
	{
		"code": "81.72.04",
		"type": "kecamatan",
		"name": "PULAU-PULAU KUR"
	},
	{
		"code": "81.72.04.2001",
		"type": "desa",
		"name": "TUBYAL"
	},
	{
		"code": "81.72.04.2002",
		"type": "desa",
		"name": "KAIMEAR"
	},
	{
		"code": "81.72.04.2004",
		"type": "desa",
		"name": "LOKWIRIN"
	},
	{
		"code": "81.72.04.2005",
		"type": "desa",
		"name": "FINUALEN"
	},
	{
		"code": "81.72.04.2012",
		"type": "desa",
		"name": "SERMAF"
	},
	{
		"code": "81.72.05",
		"type": "kecamatan",
		"name": "KUR SELATAN"
	},
	{
		"code": "81.72.05.2001",
		"type": "desa",
		"name": "KANARA"
	},
	{
		"code": "81.72.05.2002",
		"type": "desa",
		"name": "WARKAR"
	},
	{
		"code": "81.72.05.2003",
		"type": "desa",
		"name": "YAPAS"
	},
	{
		"code": "81.72.05.2004",
		"type": "desa",
		"name": "RUMOIN"
	},
	{
		"code": "81.72.05.2005",
		"type": "desa",
		"name": "HIRIT"
	},
	{
		"code": "81.72.05.2006",
		"type": "desa",
		"name": "TIFLEN"
	},
	{
		"code": "81.72.05.2007",
		"type": "desa",
		"name": "NIELA"
	}
]