[
	{
		"code": "11",
		"file": "11-aceh",
        "type": "provinsi",
		"name": "ACEH"
	},
	{
		"code": "12",
		"file": "12-sumatera-utara",
        "type": "provinsi",
		"name": "SUMATERA UTARA"
	},
	{
		"code": "13",
		"file": "13-sumatera-barat",
        "type": "provinsi",
		"name": "SUMATERA BARAT"
	},
	{
		"code": "14",
		"file": "14-riau",
        "type": "provinsi",
		"name": "RIAU"
	},
	{
		"code": "15",
		"file": "15-jambi",
        "type": "provinsi",
		"name": "JAMBI"
	},
	{
		"code": "16",
		"file": "16-sumatera-selatan",
        "type": "provinsi",
		"name": "SUMATERA SELATAN"
	},
	{
		"code": "17",
		"file": "17-bengkulu",
        "type": "provinsi",
		"name": "BENGKULU"
	},
	{
		"code": "18",
		"file": "18-lampung",
        "type": "provinsi",
		"name": "LAMPUNG"
	},
	{
		"code": "19",
		"file": "19-kepulauan-bangka-belitung",
        "type": "provinsi",
		"name": "KEPULAUAN BANGKA BELITUNG"
	},
	{
		"code": "21",
		"file": "21-kepulauan-riau",
        "type": "provinsi",
		"name": "KEPULAUAN RIAU"
	},
	{
		"code": "31",
		"file": "31-dki-jakarta",
        "type": "provinsi",
		"name": "DKI JAKARTA"
	},
	{
		"code": "32",
		"file": "32-jawa-barat",
        "type": "provinsi",
		"name": "JAWA BARAT"
	},
	{
		"code": "33",
		"file": "33-jawa-tengah",
        "type": "provinsi",
		"name": "JAWA TENGAH"
	},
	{
		"code": "34",
		"file": "34-daerah-istimewa-yogyakarta",
        "type": "provinsi",
		"name": "DAERAH ISTIMEWA YOGYAKARTA"
	},
	{
		"code": "35",
		"file": "35-jawa-timur",
        "type": "provinsi",
		"name": "JAWA TIMUR"
	},
	{
		"code": "36",
		"file": "36-banten",
        "type": "provinsi",
		"name": "BANTEN"
	},
	{
		"code": "51",
		"file": "51-bali",
        "type": "provinsi",
		"name": "BALI"
	},
	{
		"code": "52",
		"file": "52-nusa-tenggara-barat",
        "type": "provinsi",
		"name": "NUSA TENGGARA BARAT"
	},
	{
		"code": "53",
		"file": "53-nusa-tenggara-timur",
        "type": "provinsi",
		"name": "NUSA TENGGARA TIMUR"
	},
	{
		"code": "61",
		"file": "61-kalimantan-barat",
        "type": "provinsi",
		"name": "KALIMANTAN BARAT"
	},
	{
		"code": "62",
		"file": "62-kalimantan-tengah",
        "type": "provinsi",
		"name": "KALIMANTAN TENGAH"
	},
	{
		"code": "63",
		"file": "63-kalimantan-selatan",
        "type": "provinsi",
		"name": "KALIMANTAN SELATAN"
	},
	{
		"code": "64",
		"file": "64-kalimantan-timur",
        "type": "provinsi",
		"name": "KALIMANTAN TIMUR"
	},
	{
		"code": "65",
		"file": "65-kalimantan-utara",
        "type": "provinsi",
		"name": "KALIMANTAN UTARA"
	},
	{
		"code": "71",
		"file": "71-sulawesi-utara",
        "type": "provinsi",
		"name": "SULAWESI UTARA"
	},
	{
		"code": "72",
		"file": "72-sulawesi-tengah",
        "type": "provinsi",
		"name": "SULAWESI TENGAH"
	},
	{
		"code": "73",
		"file": "73-sulawesi-selatan",
        "type": "provinsi",
		"name": "SULAWESI SELATAN"
	},
	{
		"code": "74",
		"file": "74-sulawesi-tenggara",
        "type": "provinsi",
		"name": "SULAWESI TENGGARA"
	},
	{
		"code": "75",
		"file": "75-gorontalo",
        "type": "provinsi",
		"name": "GORONTALO"
	},
	{
		"code": "76",
		"file": "76-sulawesi-barat",
        "type": "provinsi",
		"name": "SULAWESI BARAT"
	},
	{
		"code": "81",
		"file": "81-maluku",
        "type": "provinsi",
		"name": "MALUKU"
	},
	{
		"code": "82",
		"file": "82-maluku-utara",
        "type": "provinsi",
		"name": "MALUKU UTARA"
	},
	{
		"code": "91",
		"file": "91-papua",
        "type": "provinsi",
		"name": "PAPUA"
	},
	{
		"code": "92",
		"file": "92-papua-barat",
        "type": "provinsi",
		"name": "PAPUA BARAT"
	}
]